질문,응답
임신 주차별 챗봇 질문 시나리오,"## 임신 주차별 챗봇 질문 시나리오 (드럭인포맘)

드럭인포맘 챗봇은 임산부에게 맞춤형 정보를 제공해야 합니다. 사용자의 임신 주차를 기반으로 적절한 질문과 정보를 제공하는 것이 중요합니다. 아래는 임신 주차별 질문 시나리오 예시입니다.

**1. 초기 (1~12주):**

* **핵심 정보:** 입덧, 피로, 유산 위험, 태아의 초기 발달, 엽산 섭취, 산전 검사
* **질문 시나리오:**
    * 안녕하세요. 임신 축하드립니다! 현재 몇 주차이신가요?
    * 입덧은 어떠신가요? (심한 입덧 관리법, 음식 섭취 팁 제공)
    * 피로감을 많이 느끼시나요? (충분한 휴식 권장, 피로 해소 방법 안내)
    * 엽산은 꾸준히 섭취하고 계신가요? (엽산의 중요성, 권장 섭취량 안내)
    * 다음 산전 검진 예약은 잡으셨나요? (산전 검진의 중요성, 필요한 검사 안내)
    * 질 출혈이나 심한 복통이 있으신가요? (즉시 병원 방문 권유)


**2. 중기 (13~27주):**

* **핵심 정보:** 태동, 체중 증가, 임신성 당뇨 검사, 태아 성장, 철분 섭취
* **질문 시나리오:**
    * 아기의 태동은 느껴지시나요? (태동 횟수 체크 방법, 태동 변화 시 대처법 안내)
    * 체중 관리는 어떻게 하고 계신가요? (적정 체중 증가량 안내, 건강한 식단 제안)
    * 임신성 당뇨 검사는 받으셨나요? (검사의 중요성, 결과 해석 안내)
    * 철분제는 꾸준히 복용하고 계신가요? (철분 섭취의 중요성, 복용 시 주의사항 안내)
    * 허리 통증이나 다리 부종이 있으신가요? (증상 완화 방법, 스트레칭 안내)


**3. 후기 (28~40주):**

* **핵심 정보:** 조산, 진통, 출산 준비, 수유 준비, 신생아 관리
* **질문 시나리오:**
    * 조기 진통 증상에 대해 알고 계신가요? (조기 진통 증상 설명, 대처법 안내)
    * 출산 가방은 준비하셨나요? (필수 준비물 체크리스트 제공)
    * 모유 수유에 대한 계획은 세우셨나요? (모유 수유 정보 제공, 관련 교육 안내)
    * 신생아 관리에 대한 정보는 찾아보셨나요? (기저귀 갈기, 목욕시키기 등 기본적인 신생아 관리 정보 제공)
    * 규칙적인 진통이 느껴지시나요? (진통 간격 측정 방법, 병원 연락 시기 안내)


**추가 고려 사항:**

* **개인 맞춤 정보:** 사용자의 과거 질문, 건강 정보 등을 활용하여 개인 맞춤 정보를 제공합니다.
* **다양한 답변 형식:** 텍스트, 이미지, 영상 등 다양한 형식으로 정보를 제공합니다.
* **외부 연동:** 필요시 병원 예약, 관련 정보 웹사이트 링크 등을 제공합니다.
* **긴급 상황 대처:** 응급 상황 발생 시 대처 방법 안내 및 긴급 연락처를 제공합니다.
* **친근하고 공감하는 어투:** 임산부의 불안감을 해소하고 편안하게 정보를 얻을 수 있도록 친근하고 공감하는 어투를 사용합니다.

이 시나리오를 바탕으로 드럭인포맘 챗봇은 임산부에게 유용하고 정확한 정보를 제공하며, 건강한 임신과 출산을 지원할 수 있습니다.  꾸준한 업데이트와 사용자 피드백을 통해 챗봇의 성능을 향상시켜 나가는 것이 중요합니다.
"
"나 지금 7주차야인데, 세티리진 500mg짜리를 2알 먹었어. 복용해도 괜찮을까?","네, 임신 7주차에 세티리진 500mg을 2알 복용하셨다고 하셨는데요. 세티리진의 일반적인 권장량은 하루에 10mg입니다. 500mg짜리 2알을 복용하셨다면 권장량의 100배를 복용하신 것이므로 매우 위험한 상황입니다. **즉시 의사나 응급센터에 연락하셔서 도움을 받으시는 것이 매우 중요합니다.**

의사나 응급센터에 연락하실 때는 다음 정보를 알려주세요.

* 복용한 약의 이름 (세티리진)
* 복용한 약의 용량 (500mg x 2알)
* 복용 시점
* 현재 나타나는 증상 (있다면)
* 임신 주차 (7주차)

세티리진 과다 복용은 졸음, 혼란, 심박수 증가, 떨림 등의 증상을 유발할 수 있습니다. 심한 경우에는 발작이나 호흡 곤란이 발생할 수도 있습니다. 임신 중이기 때문에 태아에게 미칠 영향도 고려해야 하므로 지체 없이 의료진의 도움을 받으셔야 합니다.

**절대로 혼자서 해결하려고 하지 마시고, 가능한 빨리 의사나 응급센터에 연락하세요.**
"
"나 34주야인데, 로라타딘 500mg짜리를 반 알 먹었어. 아기한테 문제가 없을까?","안녕하세요. 임신 34주차에 로라타딘 500mg짜리 반 알을 복용하셨다는 말씀이시죠? 일반적으로 로라타딘은 임신 중 복용이 비교적 안전한 항히스타민제로 알려져 있으나, 500mg은 일반적인 용량보다 훨씬 높습니다. 일반적인 로라타딘 성인 용량은 10mg이며, 하루 한 번 복용합니다. 따라서 500mg의 반인 250mg도 권장 용량의 25배에 해당하는 매우 높은 용량입니다.

**즉시 의사나 약사에게 연락하여 상담하시는 것이 매우 중요합니다.**  고용량 복용으로 인한 부작용 발생 가능성을 평가하고 적절한 조치를 받으셔야 합니다.

본인의 건강 상태와 태아의 안전을 위해 의료 전문가의 도움을 받는 것이 최선입니다. 인터넷 정보에만 의존하지 마시고 반드시 전문가와 상의하세요.

**다음과 같은 증상이 나타나면 즉시 응급 의료 서비스를 받으세요:**

* 호흡 곤란
* 가슴 통증
* 빠른 또는 불규칙적인 심장 박동
* 현기증 또는 실신
* 심한 두통
* 발작
* 시야 흐림
* 입, 얼굴, 입술 또는 혀의 부종


**향후 약물 복용 전에는 반드시 의사나 약사와 상담하여 안전한 용량과 복용법을 확인하시기 바랍니다.**  임신 중에는 어떤 약이든 의료 전문가와 상의 없이 복용해서는 안 됩니다.
"
"임신 정확한 주수는 모르겠지만 임신 상태야 상태에서 프레드니솔론 200mg짜리를 반 알 먹었는데, 의사한테 상담을 받아야 할까?","프레드니솔론은 스테로이드제로, 임신 중 복용 시 태아에게 영향을 미칠 수 있습니다. 특히 임신 초기에는 더욱 주의가 필요합니다. 따라서 **프레드니솔론 200mg의 반 알(100mg)을 복용하셨다면, 반드시 최대한 빨리 의사 또는 약사와 상담하셔야 합니다.**

단순히 복용량이 적다고 안전하다고 판단할 수 없습니다. 의사는 임신 주수, 현재 건강 상태, 프레드니솔론 복용 이유 등을 종합적으로 고려하여 태아에게 미칠 수 있는 영향을 평가하고 적절한 조치를 취할 것입니다.

**지금 바로 담당 산부인과 의사 또는 가까운 병원에 연락하여 상황을 설명하고 상담 받으시는 것이 가장 중요합니다.**  기다리지 마시고, 즉시 연락하세요.  혹시 연락이 어려운 경우, 지역 보건소나 약물정보센터(1644-0006)에 문의하실 수도 있습니다.

**다음 정보를 미리 준비해 두시면 상담에 도움이 됩니다.**

* 마지막 생리 시작일
* 임신으로 추정되는 시기
* 프레드니솔론 복용 이유
* 현재 복용 중인 다른 약물


**절대로 임의로 약 복용을 중단하거나 변경하지 마세요.** 전문가의 지시에 따라야 안전합니다.
"
"임신 임신 6개월차 상태에서 아토르바스타틴 200mg짜리를 반 알 먹었는데, 먹어야 할지 고민돼.","임신 6개월 차에 아토르바스타틴 200mg의 반 알(100mg)을 복용하셨다고 하셨는데, 이 약물은 임신 중 복용이 금기입니다. 아토르바스타틴은 태아 발달에 해로운 영향을 미칠 수 있기 때문에 임신 중에는 사용해서는 안 됩니다.

이미 약을 복용하셨기 때문에, **가능한 한 빨리 담당 의사나 산부인과 전문의와 상담하는 것이 매우 중요합니다.** 의사는 현재 상황을 평가하고 필요한 조치를 취할 것입니다.  복용한 약의 양, 임신 주수 등을 정확하게 알려주는 것이 중요합니다.

**자가 치료를 중단하고 전문가의 지시를 따르세요.** 인터넷에서 얻는 정보는 전문적인 의학적 조언을 대체할 수 없습니다.

**다음 정보를 의사에게 알려주세요:**

* 복용한 아토르바스타틴의 정확한 용량 (반 알이라고 생각하시지만 정확한 mg을 확인)
* 복용 시점
* 현재 임신 주수
* 다른 복용 중인 약물이나 건강 보조 식품
* 이전에 발생한 알레르기 반응이나 부작용

**절대로 의사와 상담 없이 약물 복용을 시작하거나 중단하지 마세요.**  태아의 건강을 위해서라도 전문가의 도움을 받는 것이 가장 중요합니다.
"
"임신 34주야 상태에서 이부프로펜 200mg짜리를 한 번만 먹었어 먹었는데, 내가 먹어도 안전한지 알려줘.","드러그인포맘입니다. 임신 34주차에 이부프로펜 200mg을 한 번 복용하셨다고 말씀하셨습니다.

일반적으로 임신 30주 이후에는 이부프로펜과 같은 비스테로이드성 항염증제(NSAID)의 사용은 권장하지 않습니다. 이는 태아의 순환계에 잠재적인 영향을 미칠 수 있기 때문입니다.

이부프로펜을 한 번 복용하셨다면 심각한 합병증을 유발할 가능성은 낮지만, 그래도 의료 전문가에게 연락하여 복용한 사실을 알리고 조언을 구하는 것이 좋습니다. 담당 의사나 조산사는 임신 기간과 복용량을 고려하여 최상의 조언을 제공할 수 있습니다.

향후 약물 복용에 대한 질문이 있거나 임신 중 복용 가능한 약물에 대해 더 자세히 알아보려면 드러그인포맘에 문의하거나 담당 의료 전문가와 상담하십시오.
"
"임신 이제 20주가 되었어 상태에서 프레드니솔론 500mg짜리를 한 번만 먹었어 먹었는데, 혹시 대체할 수 있는 약이 있을까?","프레드니솔론 500mg은 매우 고용량이며, 임신 20주차에 한 번 복용했다 하더라도 태아에게 영향을 미칠 가능성을 배제할 수 없습니다. 특히 어떤 이유로 이 약을 복용했는지, 그리고 현재 어떤 증상이 있는지 알려주지 않아 정확한 답변을 드리기 어렵습니다. **절대로 임의로 약물 복용을 중단하거나 다른 약물로 대체하지 마세요.**

가장 중요한 것은 **즉시 의사나 산부인과 전문의와 상담**하는 것입니다. 프레드니솔론 500mg을 복용하게 된 경위, 현재 몸 상태, 그리고 태아의 건강 상태를 정확히 진단받아야 합니다. 의사는 당신의 상황에 맞는 적절한 조치와 필요한 경우 대체 약물을 처방할 수 있습니다.

다음 정보를 의사에게 알려주세요.

* **프레드니솔론 복용 이유:** 어떤 질환이나 증상 때문에 복용했는지 정확히 설명해야 합니다. (예: 알레르기 반응, 천식 발작, 자가면역 질환 악화 등)
* **복용량 및 복용 시기:** 500mg을 언제 복용했는지 정확하게 알려주세요.
* **현재 증상:** 프레드니솔론 복용 후 나타나는 증상이 있는지, 있다면 어떤 증상인지 자세히 설명하세요.
* **과거 병력 및 알레르기:** 다른 질환이나 알레르기가 있는지 알려주는 것도 중요합니다.


**다시 한번 강조하지만, 온라인에서 얻은 정보로는 의사의 진료를 대체할 수 없습니다.  반드시 의사와 상담하여 안전한 조치를 취하세요.**
"
"나 13주 지난 상태인데인데, 이부프로펜 200mg짜리를 반 알 먹었어. 아기한테 문제가 없을까?","임신 13주차에 이부프로펜 200mg 반 알(100mg)을 복용하셨다고 하셨습니다. 이는 일반적인 상황에서 태아에게 큰 위험을 초래하지는 않을 가능성이 높습니다. 하지만 임신 중 약물 복용은 항상 주의가 필요합니다.

특히 이부프로펜은 임신 초기에는 비교적 안전하게 사용될 수 있지만, 임신 후기(특히 30주 이후)에는 태아의 심혈관계에 영향을 미칠 수 있으므로 사용을 피해야 합니다. 또한 장기간 복용도 권장되지 않습니다.

드물지만 이부프로펜 복용 후 태아에게 나타날 수 있는 잠재적 위험으로는 양수 과소증, 동맥관 조기 폐쇄 등이 있습니다.  단 한 번 100mg을 복용했다고 해서 이러한 위험이 발생할 가능성은 낮지만, 안전을 위해 다음과 같은 사항을 권장합니다.

* **의사 또는 약사와 상담:**  임신 중에는 어떤 약이든 복용하기 전에 의사나 약사와 상담하는 것이 가장 좋습니다. 이미 복용한 경우라도, 상황을 설명하고 전문가의 의견을 구하는 것이 중요합니다.
* **증상 지속 시 병원 방문:** 복통, 출혈, 태동 감소 등 이상 증상이 나타나면 즉시 병원을 방문하십시오.
* **자가진단 및 자가치료 피하기:**  인터넷 정보만으로 판단하지 말고, 전문가의 도움을 받으십시오.
* **앞으로의 약물 복용 시 주의:**  앞으로 약물 복용이 필요한 경우, 반드시 의사나 약사와 상의 후 안전한 약물을 처방받아 복용하십시오.

이 정보는 일반적인 내용이며, 개인적인 상황에 따라 다를 수 있습니다.  걱정되는 부분이 있다면  주저하지 말고 의료 전문가와 상담하십시오.
"
"나 말기인데, 비사코딜 200mg짜리를 1알 먹었어. 혹시 대체할 수 있는 약이 있을까?",죄송하지만 의학적 조언은 드릴 수 없습니다. 의료 전문가와 상담하여 비사코딜 대신 복용할 수 있는 약물이 있는지 확인하는 것이 좋습니다. 그들은 당신의 구체적인 상황을 평가하고 적절한 권고를 제공할 수 있을 것입니다.
"나 9개월차인데인데, 클로르페니라민 500mg짜리를 반 알 먹었어. 아기한테 문제가 없을까?","클로르페니라민 500mg은 매우 높은 용량이며, 성인에게도 처방되지 않습니다. 일반적인 성인용 클로르페니라민 정량은 4mg이며, 하루 최대 24mg을 넘지 않아야 합니다. 따라서 500mg의 절반인 250mg을 복용하셨다면 매우 위험한 과다 복용입니다.  **즉시 응급실로 가거나, 119에 전화하여 도움을 요청하십시오.** 

아기에게 미칠 영향은 예측하기 어렵지만, 엄마의 건강 상태가 아기에게 직접적인 영향을 미치므로, 당신의 건강이 최우선입니다. 빠른 조치만이 당신과 아기를 위한 최선의 방법입니다. 지금 당장 도움을 요청하세요.  시간을 지체하지 마십시오.
"
"임신 9개월차인데 상태에서 심바스타틴 100mg짜리를 3일 동안 복용했어 먹었는데, 태아한테 영향이 있을까?","심바스타틴은 임신 중 복용해서는 안 되는 약물입니다. 심바스타틴은 태아의 발달, 특히 골격 발달에 해로운 영향을 미칠 수 있습니다. 3일 동안 복용하셨다고 하셨는데,  가능한 한 빨리 의사나 다른 의료 전문가와 상담하는 것이 매우 중요합니다.

의사는 태아의 건강 상태를 평가하고 필요한 조치를 취할 수 있습니다. 복용 기간이 짧았더라도 전문가의 상담을 통해 위험성을 평가하고 적절한 조치를 받으시길 바랍니다.  추가적으로 향후 약물 복용 전에는 반드시 임신 사실을 의료진에게 알리고 안전한 약물 복용에 대한 지침을 받으셔야 합니다.

**다음은 의사와 상담 시 꼭 전달해야 할 내용입니다:**

* 심바스타틴의 용량 (100mg)
* 복용 기간 (3일)
* 현재 임신 주수 (9개월)
* 복용 이유
* 현재 겪고 있는 증상 (있을 경우)

**절대 해서는 안 되는 것:**

* 의사와 상담 없이 임의로 약물 복용을 중단하거나 변경하지 마세요.
* 인터넷에 있는 정보만으로 자가 진단하거나 치료하지 마세요.

임산부의 안전한 약물 복용은 매우 중요하며, 항상 전문가의 지시를 따라야 합니다.  걱정되시는 마음 충분히 이해하며,  가능한 한 빨리 의사와 상담하시길 강력히 권합니다.
"
"나 13주 지난 상태인데인데, 차전자피 100mg짜리를 2알 먹었어. 복용하고 나서 부작용이 있을까 걱정돼.","임신 13주시고 차전자피 100mg을 2알 복용하셨다고 말씀하셨군요. 차전자피는 일반적으로 임신 중에 안전하다고 여겨지지만, 복용량과 개인의 건강 상태에 따라 부작용이 발생할 수 있습니다.

차전자피는 섬유질 보충제로 변비 완화에 도움이 될 수 있습니다. 임신 중에는 호르몬 변화와 자궁의 압력으로 인해 변비가 흔하게 발생합니다. 하지만 차전자피를 복용하기 전에 의사나 약사와 상담하는 것이 좋습니다. 특히 다른 약물을 복용 중이거나 특정 질환이 있는 경우에는 더욱 그렇습니다.

차전자피의 흔한 부작용으로는 복부 팽만감, 가스, 설사 등이 있습니다. 이러한 증상은 일반적으로 경미하고 일시적이지만, 심하거나 지속될 경우 의료 전문가와 상담해야 합니다. 또한, 충분한 물을 섭취하지 않으면 차전자피가 장을 막을 수 있으므로, 복용 시에는 충분한 양의 물을 마셔야 합니다.

드물지만 알레르기 반응이 나타날 수도 있습니다. 발진, 가려움증, 호흡곤란, 얼굴이나 입술의 부종 등의 증상이 나타나면 즉시 의료 전문가의 도움을 받아야 합니다.

200mg은 일반적인 차전자피 복용량이지만, 임신 중에는 개인의 상황에 따라 적절한 용량이 달라질 수 있습니다. 따라서 복용 전에 의사나 약사와 상담하여 안전한 복용량과 방법을 확인하는 것이 중요합니다.

걱정되는 부분이 있으면 주저하지 마시고 의사나 약사와 상담하세요. 전문가의 조언을 통해 안전하고 건강한 임신 기간을 보내시기 바랍니다.
"
"임신 후기 상태에서 심바스타틴 200mg짜리를 3일 동안 복용했어 먹었는데, 의사한테 상담을 받아야 할까?","임신 후기에 심바스타틴 200mg을 3일 동안 복용하셨다면 **반드시 의사와 상담하셔야 합니다.**

심바스타틴은 스타틴 계열의 약물로 콜레스테롤 수치를 낮추는 데 사용됩니다. 그러나 **임신 중에는 태아에게 해로울 수 있기 때문에 일반적으로 금기**입니다.  태아의 발달, 특히 골격 발달에 부정적인 영향을 미칠 수 있다는 우려가 있습니다.

3일 동안 복용하셨다고 하더라도, 안전을 위해 의사나 산부인과 전문의에게 알리고 상담을 받으시는 것이 중요합니다.  의사는 태아에게 미칠 수 있는 잠재적 위험을 평가하고 필요한 조치를 취할 수 있습니다.  복용량, 복용 기간, 임신 주수 등을 정확하게 알려주는 것이 중요합니다.

**절대로 임의로 약물 복용을 중단하거나 변경하지 마세요.** 의사의 지시에 따라야 합니다.

**지금 바로 의사에게 연락하시거나 가까운 병원을 방문하시기를 강력히 권장합니다.**  망설이지 말고 의료 전문가의 도움을 받으세요.
"
"임신 후기 상태에서 발프로산 100mg짜리를 2알 먹었는데, 의사한테 상담을 받아야 할까?","네, **반드시 의사와 상담하셔야 합니다.** 임신 중, 특히 후기에는 발프로산 복용이 태아에게 선천적 기형 및 발달 장애를 유발할 위험이 있습니다. 따라서 발프로산 복용량 변경이나 중단은 반드시 의사와 상의 후 결정해야 합니다.  

의사는 산모의 건강 상태와 태아의 위험을 고려하여 적절한 조치를 취할 것입니다. 괜찮을 것이라고 스스로 판단하지 마시고, **최대한 빨리 의사에게 연락하여 복용 사실을 알리고 상담 받으세요.** 지금 바로 담당 의사나 산부인과에 연락하시는 것이 가장 좋습니다.

**다음 정보를 의사에게 알려주세요:**

* 복용한 발프로산의 용량 (100mg x 2알 = 200mg)
* 복용 시점
* 임신 주수
* 현재 복용 중인 다른 약물 (있을 경우)

혹시라도 의사와 연락이 닿지 않는 긴급한 상황이라면, 응급실에 방문하거나 지역 의료기관에 문의하십시오.

**절대로 자의적으로 약물 복용을 중단하거나 변경하지 마세요.**
"
"나 이제 20주가 되었어인데, 세티리진 500mg짜리를 2알 먹었어. 먹어야 할지 고민돼.","드럭인포맘: 임신 20주이시고 세티리진 500mg을 두 알이나 드셨다고 걱정되시는군요. 우선, 일반적인 세티리진 정제는 10mg입니다. 500mg은 매우 높은 용량이며, 시판되는 세티리진 제품으로는 존재하지 않는 용량입니다. 복용하신 약이 정말 세티리진인지, 그리고 용량을 잘못 알고 계신 것은 아닌지 다시 한번 확인해 보시는 것이 중요합니다. 혹시 다른 약을 복용하신 것은 아닌가요? 약의 이름과 용량을 정확히 알려주시면 더욱 정확한 답변을 드릴 수 있습니다.

만약 실제로 500mg의 세티리진이나 다른 약물을 과다 복용하셨다면, **즉시 의사나 약사에게 연락하거나 가까운 응급실로 가셔서 진료를 받으셔야 합니다.**  임신 중 약물 과다 복용은 산모와 태아에게 위험할 수 있습니다.  

만약 세티리진 10mg을 두 알 드신 것이라면, 일반적인 권장량보다 높은 용량이긴 하지만 크게 위험한 상황은 아닐 가능성이 높습니다. 하지만 안전을 위해서라도 의사나 약사와 상담하시는 것이 좋습니다. 특히 임신 중에는 어떤 약이든 의사나 약사와 상의 없이 복용하는 것은 피해야 합니다.

지금 가장 중요한 것은 본인과 아기의 안전입니다. 주저하지 마시고 의료 전문가의 도움을 받으세요.  전화번호를 알려주시면 관련 기관에 연락을 도와드릴 수도 있습니다.
"
"임신 말기 상태에서 프레드니솔론 500mg짜리를 3일 동안 복용했어 먹었는데, 나 지금 너무 아파서 필요할 것 같은데 괜찮아?","프레드니솔론 500mg을 3일 동안 복용한 후 임신 말기에 어떤 증상을 겪고 있는지 더 자세히 알려주세요. 증상의 종류, 심각도, 발생 시기를 알면 더 잘 도와드릴 수 있습니다.

또한, 프레드니솔론 500mg을 복용하는 데 따른 특정한 우려 사항이나 질문이 있는지 알려주세요. 예를 들어, 프레드니솔론 복용을 중단했을 때 발생할 수 있는 잠재적인 금단 증상이나 태아에 대한 영향에 대해 궁금할 수 있습니다.

정확하고 안전한 조언을 제공하기 위해 최대한 많은 정보를 제공해 주세요. 귀하의 질문과 우려 사항에 답변하고 의학적 필요에 대한 지침을 제공하는 것을 기쁘게 생각합니다.

참고: 본 답변은 정보 제공의 목적으로만 제공되며, 의사와의 상담을 대신할 수 없습니다. 임신 중에 발생하는 의학적 문제나 우려 사항은 의료 전문가와 상담하는 것이 중요합니다. 특히 프레드니솔론과 같은 약물 복용과 관련된 질문은 담당 의사와 상담하여 개인적인 상황에 대한 맞춤형 조언을 받아야 합니다. 의학적 조언이 필요한 경우 의사 또는 기타 자격을 갖춘 의료 전문가와 상담하세요."
"임신 9개월차인데 상태에서 로사르탄 200mg짜리를 한 번만 먹었어 먹었는데, 아기한테 문제가 없을까?","임신 9개월차에 로사르탄 200mg을 한 번 복용하셨다니 걱정되시는 마음 충분히 이해합니다. 로사르탄은 임신, 특히 임신 2기와 3기에는 태아에게 심각한 부작용을 일으킬 수 있는 약물입니다.  태아의 신장 기능 저하, 양수 감소, 심지어 사망까지 이어질 수 있습니다.

단 한 번 복용하셨더라도 태아에게 미치는 영향을 완전히 배제할 수는 없으므로 **가능한 한 빨리 담당 산부인과 의사에게 연락하여 상담하시는 것이 가장 중요합니다.** 의사는 임신 주수, 복용량, 현재 건강 상태 등을 고려하여 적절한 조치를 취할 수 있도록 도와줄 것입니다.

**절대로 자의적으로 약물 복용을 중단하거나 변경하지 마십시오.** 의사의 지시 없이 다른 약물을 복용하는 것도 위험할 수 있습니다.

다음은 의사와 상담 시 도움이 될 정보입니다.

* **정확한 로사르탄 복용 시점:** 언제 복용했는지 정확하게 기억해 주세요.
* **복용 이유:** 왜 로사르탄을 복용하게 되었는지 설명해 주세요. (처방전 없이 복용했는지, 다른 약과 착각했는지 등)
* **현재 겪고 있는 증상:** 복용 후 어떤 증상을 느끼는지 자세하게 알려주세요.

의사의 진찰 및 검사를 통해 태아의 상태를 확인하고 필요한 조치를 받으시길 바랍니다.  걱정되시겠지만, 전문가의 도움을 받으면 불안감을 줄이고 적절한 대처를 할 수 있습니다.  주저하지 마시고 지금 바로 담당 의사에게 연락하세요.
"
"나 34주야인데, 클로르페니라민 200mg짜리를 반 알 먹었어. 아기한테 문제가 없을까?","임신 34주차에 클로르페니라민 200mg의 절반(100mg)을 복용하셨다는 말씀이시죠?  임신 중 약물 복용에 대한 걱정은 당연합니다.  하지만 저는 의학적인 조언을 드릴 수 없습니다.  **반드시 담당 의사나 산부인과 전문의와 상담하셔서 아기에게 미칠 수 있는 영향에 대해 정확한 정보를 얻으셔야 합니다.**

클로르페니라민은 항히스타민제로 알레르기 증상 완화에 사용되지만, 임신 중 복용 시 태아에게 미치는 영향에 대한 연구는 충분하지 않습니다. 따라서 의사는 임신 주수, 복용량, 복용 기간, 그리고 산모의 전반적인 건강 상태를 고려하여 약물 복용의 안전성을 판단해야 합니다.

**지금 바로 의사에게 연락하셔서 상황을 설명하고 전문적인 조언을 구하는 것이 가장 중요합니다.**  인터넷에서 얻은 정보는 전문적인 의학적 조언을 대체할 수 없습니다.

다음은 의사와 상담 시 도움이 될 수 있는 정보입니다:

* 복용한 약의 정확한 이름과 용량 (클로르페니라민 200mg의 절반)
* 복용 시점
* 복용 이유 (어떤 증상 때문에 복용했는지)
* 현재 겪고 있는 증상
* 복용 중인 다른 약물이나 건강 보조 식품

**다시 한 번 강조하지만, 인터넷 정보에 의존하지 마시고 의사와 상담하세요.**  의사만이 산모와 태아의 건강을 고려한 안전하고 적절한 조언을 제공할 수 있습니다.
"
"나 지금 7주차야인데, 아세트아미노펜 500mg짜리를 한 번만 먹었어 먹었어. 나 지금 너무 아파서 필요할 것 같은데 괜찮아?","임신 7주차에 아세트아미노펜 500mg을 한 번 복용하셨다고 하셨는데, 일반적으로 의사나 다른 의료 전문가의 지시에 따라 복용하는 경우 안전한 것으로 간주됩니다. 그러나 어떤 약이든 복용하기 전에 항상 의사나 의료 전문가와 상담하는 것이 중요합니다. 그들은 특정 상황에 맞는 가장 정확한 조언을 제공할 수 있습니다.

통증이 지속되거나 악화되는 경우 의사 또는 다른 의료 전문가에게 연락하여 추가 지침을 받으십시오. 증상을 평가하고 적절한 치료 계획을 결정할 수 있습니다. 임신 중에는 어떤 약이든 복용하기 전에 항상 의사와 상담하는 것이 중요합니다."
"나 34주야인데, 아세트아미노펜 500mg짜리를 3일 동안 복용했어 먹었어. 지금 너무 불안한데 괜찮을까?","임신 34주차에 아세트아미노펜 500mg을 3일 동안 복용하셨다고 하셨는데, 걱정되시는 마음 충분히 이해합니다. 하지만 일반적으로 권장 복용량을 지키셨다면 태아에게 큰 위험은 없을 것으로 예상됩니다.

아세트아미노펜은 임신 중 두통, 발열, 통증 등에 일반적으로 사용되는 진통제로, 미국 식품의약국(FDA)에서 임신 중 사용 가능한 약물로 분류되어 있습니다. 그러나 어떤 약이든 임신 중 복용은 신중해야 하며, 특히 장기간 복용은 피하는 것이 좋습니다.

하지만 걱정되는 마음이 크시다면, 안심을 위해 다음과 같은 조치를 취하시는 것이 좋습니다:

* **산부인과 전문의에게 연락하세요.** 가장 확실한 방법은 담당 산부인과 선생님께 현재 상황을 설명하고, 아세트아미노펜 복용에 대해 상담받는 것입니다.  선생님께서는 당신의 상태와 복용량을 고려하여 정확한 조언을 해주실 수 있습니다.
* **복용량과 기간을 확인하세요.**  500mg을 하루에 몇 번, 3일 동안 정확히 얼마나 복용했는지 다시 한번 확인하세요.  권장 복용량을 초과했거나, 다른 약물과 함께 복용한 경우 전문의와의 상담이 더욱 중요합니다.
* **증상을 관찰하세요.**  복용 후 특이사항이나 불편한 증상이 있는지 꼼꼼히 살펴보세요.  만약 태동의 변화나 다른 이상 증상이 나타나면 즉시 병원을 방문해야 합니다.

임신 중 약물 복용은 항상 주의가 필요하며, 전문가와의 상담이 가장 중요합니다.  걱정하지 마시고 담당 선생님께 문의하여 정확한 정보를 얻으시길 바랍니다.  안전하고 건강한 임신 기간을 보내시길 바랍니다.
"
"나 임신 6개월차인데, 이부프로펜 500mg짜리를 1알 먹었어. 복용해도 괜찮을까?","임신 6개월 차에 이부프로펜 500mg 1정을 복용하셨군요. 임신 중 이부프로펜 복용은 특히 임신 후기(30주 이후)에는 태아에게 위험할 수 있기 때문에 주의가 필요합니다.  태아의 동맥관 폐쇄와 같은 심각한 합병증을 유발할 수 있으며, 양수 과소증을 유발할 가능성도 있습니다.  또한, 진통을 억제하는 이부프로펜의 작용 기전이 분만 지연 및 출혈 위험 증가와도 관련이 있을 수 있습니다.

**가장 중요한 것은 지금 바로 담당 의사 또는 산부인과 전문의와 상담하는 것입니다.** 의사는 당신의 상황을 정확히 파악하고 적절한 조치를 취할 수 있도록 도와줄 것입니다. 

단 한 번 복용했다고 해서 반드시 문제가 발생하는 것은 아니지만, 앞으로 이부프로펜을 포함한 약물 복용 전에는 반드시 의사와 상담하는 것이 매우 중요합니다.  임신 중에는 안전하다고 알려진 약물이라도 의사의 처방 없이 임의로 복용하지 않아야 합니다.

**통증이 지속되거나 다른 증상이 나타나면 즉시 의사에게 연락하십시오.**

이 정보는 의학적 조언을 대체할 수 없으며, 단지 정보 제공의 목적으로만 제공됩니다.  반드시 의료 전문가와 상담하여 적절한 진단과 치료를 받으시기 바랍니다.
"
"임신 임신 6개월차 상태에서 메티마졸 200mg짜리를 2알 먹었는데, 내가 먹어도 안전한지 알려줘.",안녕하세요. 임신 6개월 차에 메티마졸 200mg 2알 복용에 대해 걱정하시는군요. 저는 의사가 아니기 때문에 의학적 조언을 드릴 수 없습니다. 그러나 메티마졸은 임신 중에 태아에게 위험할 수 있는 약물이라는 점을 알려드립니다. 최대한 빨리 의사나 기타 의료 전문가와 상담하여 복용한 메티마졸이 임신에 미치는 영향을 평가하는 것이 중요합니다. 그들은 귀하의 특정 상황에 대한 구체적인 지침과 조언을 제공할 수 있습니다. 메티마졸 외에도 의사가 처방하지 않은 약이나 보충제를 복용할 때는 항상 의사와 상담하는 것이 중요합니다. 그들은 잠재적인 위험과 이점을 평가하고 귀하와 귀하의 아기에게 안전한지 여부를 결정하는 데 도움을 줄 수 있습니다. 귀하가 받는 진료의 질에 대해 우려되는 사항이 있거나 다른 질문이 있으면 저에게 알려주세요.
"임신 34주야 상태에서 스트렙토마이신 200mg짜리를 3일 동안 복용했어 먹었는데, 의사한테 상담을 받아야 할까?","네, **반드시 의사와 상담하셔야 합니다.** 임신 34주차에 스트렙토마이신을 복용하신 것은 태아에게 위험할 수 있습니다.

스트렙토마이신은 아미노글리코사이드 계열의 항생제로, 태반을 통과하여 태아에게 영향을 미칠 수 있습니다. 특히 **태아의 청력 손실(난청)**을 유발할 위험이 있습니다. 또한, 신장 독성을 일으킬 수도 있습니다.

복용량, 기간, 개인적인 건강 상태 등에 따라 위험도가 달라질 수 있지만, 임신 중 스트렙토마이신 사용은 일반적으로 권장되지 않습니다.  따라서 **가능한 한 빨리 의사에게 연락하여 상황을 설명하고 필요한 검사 및 조치를 받으셔야 합니다.** 지금까지 복용한 약의 이름, 용량, 복용 기간을 정확히 알려주는 것이 중요합니다.  주저하지 마시고 담당 산부인과 의사 또는 다른 의료 전문가에게 문의하세요.
"
"임신 초기 상태에서 디펜히드라민 500mg짜리를 1알 먹었는데, 나 지금 너무 아파서 필요할 것 같은데 괜찮아?","디펜히드라민은 임신 초기에 복용해도 안전한 것으로 간주되는 항히스타민제이지만 50mg짜리 1정이 아니라 500mg짜리 1정을 복용했다고 말씀하신 것이 걱정됩니다. 500mg은 권장 용량보다 10배나 많으며, 해로울 수 있습니다. 500mg짜리 1정을 복용했고 기분이 좋지 않으면 즉시 의사나 응급실에 문의하십시오.

건강에 대해 구체적인 질문이 있다면 항상 의료 전문가와 상담하는 것이 좋습니다."
"임신 말기 상태에서 아스피린 100mg짜리를 한 번만 먹었어 먹었는데, 내가 먹어도 안전한지 알려줘.","임신 후반에 아스피린 100mg을 복용하는 것에 대한 우려는 이해합니다. 하지만 저는 의료 전문가가 아니기 때문에 구체적인 의학적 조언을 드릴 수 없습니다. **즉시 의사나 기타 의료 서비스 제공자에게 문의하여 귀하의 구체적인 상황에 대한 개별적인 평가 및 조언을 받으시는 것이 중요합니다.** 그들은 귀하의 병력과 현재 임신 상태에 따라 맞춤형 지침을 제공할 수 있습니다.

자가 치료를 피하고 모든 의료 관련 질문, 특히 임신 중 약물 복용과 관련된 질문은 자격을 갖춘 의료 전문가에게 문의하십시오. 그들은 임신 후반에 아스피린 복용과 관련된 잠재적 위험 및 이점을 평가할 수 있는 최고의 위치에 있습니다.

이 정보는 의학적 조언 대신 제공되는 것이 아닙니다. 의학적 문제나 질문이 있는 경우 항상 의사나 다른 자격을 갖춘 의료 서비스 제공자와 상담하십시오.
"
"임신 9개월차인데 상태에서 이부프로펜 100mg짜리를 한 번만 먹었어 먹었는데, 복용하고 나서 부작용이 있을까 걱정돼.","임신 9개월 차에 이부프로펜 100mg을 한 번 복용하셨다니 걱정되시는 마음 충분히 이해합니다. 일반적으로 임신 초기와 중기에는 이부프로펜 복용이 비교적 안전한 것으로 알려져 있지만, **임신 후기(특히 30주 이후)에는 이부프로펜 복용을 권장하지 않습니다.**

이부프로펜은 태아의 동맥관 폐쇄를 유발할 수 있으며, 이로 인해 신생아의 폐 고혈압, 양수 과소증, 출산 지연 등의 문제가 발생할 수 있습니다. 또한 산모의 출혈 위험을 증가시킬 수 있습니다.

100mg은 저용량이지만, 임신 후기에는 가급적 이부프로펜을 포함한 비스테로이드성 항염증제(NSAIDs) 복용을 피하는 것이 좋습니다.

단 한 번 복용하셨다고 해서 심각한 부작용이 발생할 가능성은 낮지만, **복용 후 태동 변화, 복통, 출혈 등의 이상 증상이 나타나면 즉시 산부인과 전문의에게 연락하여 진료를 받으시는 것이 중요합니다.**

앞으로 통증이 있을 경우, 이부프로펜 대신 아세트아미노펜(타이레놀)과 같은 다른 진통제를 복용하는 것이 안전합니다.  하지만 어떤 약이든 복용하기 전에 산부인과 전문의와 상담하여 안전성을 확인하는 것이 가장 좋습니다.  

안심하시기 위해서라도 담당 의사 선생님께 이부프로펜 복용 사실을 알리고 상담받으시길 권장합니다.
"
"나 34주야인데, 도큐세이트+비사코딜 500mg짜리를 한 번만 먹었어 먹었어. 태아한테 영향이 있을까?","안녕하세요. 임신 34주차에 도큐세이트+비사코딜 500mg을 한 번 복용하셨다고 하셨는데, 태아에게 미치는 영향에 대해 걱정하고 계시군요. 저는 의료 전문가가 아니므로 의학적인 조언을 드릴 수 없습니다. 하지만 드럭인포맘으로서, 임신 중 약물 복용에 대한 우려는 주치의 또는 산부인과 전문의와 상담하는 것이 가장 중요하다는 점을 강조하고 싶습니다.

도큐세이트는 일반적으로 임신 중 변비 완화에 사용되는 비교적 안전한 약물로 알려져 있지만, 비사코딜은 자궁 수축을 유발할 가능성이 있어 임신 후기에 사용 시 주의가 필요합니다. 특히 고용량 복용은 더욱 신중해야 합니다. 단 한 번 복용하셨다고 하더라도, 태아에게 미치는 영향 여부는 개인의 건강 상태와 여러 요인에 따라 다를 수 있습니다.

따라서, 불안감을 해소하고 정확한 정보를 얻기 위해서는 담당 의사와 상담하여 현재 상태를 설명하고, 복용한 약에 대한 전문적인 소견을 듣는 것이 가장 좋습니다.  의사는 당신의 상황을 정확하게 파악하고 필요한 조치를 취할 수 있도록 도와줄 것입니다. 인터넷 검색보다는 전문가의 의견을 따르는 것이 안전하고 정확한 방법입니다.

걱정되는 마음 충분히 이해합니다.  빠른 시일 내에 의사와 상담하시길 권장합니다.
"
"나 임신 사실을 이제 막 알았어인데, 클로르페니라민 100mg짜리를 1알 먹었어. 혹시 대체할 수 있는 약이 있을까?","드럭인포맘입니다. 임신 축하드립니다! 임신 사실을 알게 된 직후라 걱정이 많으실 것 같아요. 특히 약물 복용에 대해 민감하실 텐데, 클로르페니라민 100mg을 복용하셨다고 하셨네요.

먼저 안심시켜드리고 싶은 것은, 클로르페니라민은 임신 초기 복용 시 태아에게 큰 위험을 초래한다는 보고는 아직까지 없습니다. 하지만 임신 중 약물 복용은 항상 신중해야 하며, 특히 임신 초기에는 태아의 장기가 형성되는 중요한 시기이므로 더욱 주의가 필요합니다.

클로르페니라민은 항히스타민제로 알레르기 증상 완화에 사용되는 약물입니다.  100mg은 고용량이므로, 앞으로는 복용 전 반드시 의사나 약사와 상담하는 것이 중요합니다. 증상에 따라 용량 조절이 필요할 수 있습니다.

대체 가능한 약물은 증상과 임신 주수에 따라 의사나 약사가 판단해야 합니다.  가능한 대체 약물로는 로라타딘, 세티리진 등이 있지만,  **절대로 임의로 약을 바꾸거나 복용해서는 안 됩니다.**

**가장 중요한 것은 담당 의사 또는 산부인과 전문의와 상의하는 것입니다.**  이전에 복용했던 약물, 현재 임신 주수, 알레르기 증상 등을 정확하게 알려주시고 적절한 조치를 받으시는 것이 가장 안전합니다.

드럭인포맘은 일반적인 정보를 제공할 뿐, 의학적 조언을 대체할 수 없습니다.  반드시 전문가와 상담하시기를 권장합니다.  걱정되시는 마음 충분히 이해하며, 건강한 임신 기간을 보내시길 바랍니다.
"
"임신 13주 지난 상태인데 상태에서 디펜히드라민 100mg짜리를 1알 먹었는데, 먹어야 할지 고민돼.","임신 13주차에 디펜히드라민 100mg을 복용하셨다니 걱정되시는 마음 충분히 이해합니다. 우선 안심시켜 드리자면, 디펜히드라민은 임신 중 사용에 대한 광범위한 연구가 진행되었고, **일반적으로 저용량 단기 복용은 태아에게 큰 위험을 초래하지 않는 것으로 알려져 있습니다.** 하지만 의사의 처방 없이 복용한 것이라면, **지금 바로 담당 산부인과 의사 또는 약사와 상담하는 것이 가장 좋습니다.**

다음은 몇 가지 중요한 사항입니다:

* **의사와 상담:**  의사는 당신의 건강 상태와 임신 경과를 가장 잘 알고 있는 사람입니다. 디펜히드라민 복용에 대해 의사와 상담하여 안전성을 확인하고 필요한 조치를 취하는 것이 가장 중요합니다.
* **복용 이유:**  어떤 증상 때문에 디펜히드라민을 복용하셨나요? 알레르기, 불면증, 입덧 등 증상에 따라 의사가 더 안전한 대안을 제시해 줄 수 있습니다.
* **추가 복용 금지:** 의사와 상담하기 전까지는 추가로 디펜히드라민을 복용하지 마세요.
* **증상 관찰:** 복용 후 태아의 움직임 변화, 출혈, 통증 등 특이사항이 있는지 주의 깊게 관찰하고, 이상이 있을 경우 즉시 병원에 연락하세요.
* **자가 치료의 위험성:** 임신 중에는 약물 복용에 특히 주의해야 합니다.  자가 치료보다는 항상 의료 전문가와 상담 후 약물을 복용하는 것이 안전합니다.

걱정되시는 마음 충분히 이해합니다. 하지만 너무 불안해하지 마시고, 담당 의사와 상담하여 안심하고 건강한 임신 기간을 보내시기 바랍니다.
"
"임신 임신 사실을 이제 막 알았어 상태에서 플루옥세틴 200mg짜리를 2알 먹었는데, 복용하고 나서 부작용이 있을까 걱정돼.","플루옥세틴 200mg씩 두 알, 즉 400mg을 한 번에 복용하셨다니 많이 놀라셨겠어요. 그리고 임신 초기라는 사실을 알게 되어 더욱 걱정되실 거예요.  플루옥세틴의 일반적인 일일 복용량은 20mg에서 최대 80mg이며, 400mg은 매우 높은 용량입니다.  따라서 **즉시 의사나 약사에게 연락하여 상담**하는 것이 가장 중요합니다.

다음은 지금 해야 할 일과 알아두어야 할 정보입니다.

* **즉시 의료진에게 연락하세요:** 산부인과 전문의 또는 가정의, 정신건강의학과 전문의, 지역 응급센터, 또는 약사에게 즉시 연락하여 현재 상황을 알리고 지시를 따르세요.  119에 전화하는 것도 고려해야 합니다.
* **자세한 정보를 제공하세요:**  플루옥세틴을 복용한 정확한 시간, 복용량(200mg x 2알), 마지막 생리 시작일, 임신 가능성, 현재 겪고 있는 증상 등을 의료진에게 정확하게 알려주세요.
* **임의로 약 복용을 중단하지 마세요:** 의사의 지시 없이 플루옥세틴 복용을 중단하지 마세요. 갑작스러운 중단은 금단 증상을 유발할 수 있습니다.
* **진정하고 기다리세요:** 의료진의 연락을 기다리는 동안 침착하게 행동하세요.  심호흡을 하고 주변 사람들에게 도움을 요청하세요.

플루옥세틴과 임신에 대한 일반적인 정보:

* 플루옥세틴은 임신 중 복용 시 태아에게 영향을 미칠 수 있는 가능성이 있습니다. 그러나 모든 임산부에게서 부작용이 나타나는 것은 아니며, 의사의 판단하에 임신 중에도 복용하는 경우가 있습니다.
* 의사는 임신 중 플루옥세틴 복용의 이점과 위험을 고려하여 최선의 치료 계획을 세울 것입니다.
* 임신 중 우울증을 치료하지 않으면 산모와 태아 모두에게 부정적인 영향을 미칠 수 있습니다.

**다시 한 번 강조하지만, 지금 가장 중요한 것은 즉시 의료진과 상담하는 것입니다.**  이 정보는 의학적 조언을 대체할 수 없으며, 전문가의 상담이 필요합니다.  주저하지 말고 도움을 요청하세요.
"
"임신 임신 사실을 이제 막 알았어 상태에서 로사르탄 100mg짜리를 3일 동안 복용했어 먹었는데, 나 지금 너무 아파서 필요할 것 같은데 괜찮아?","임신 중 로사르탄 복용은 태아에게 매우 위험할 수 있습니다. 특히 임신 2, 3기에 복용할 경우 태아의 신장 기능 저하, 양수 과소증, 저혈압, 두개골 이상, 사망 등 심각한 부작용을 유발할 수 있습니다. 임신 사실을 알게 된 직후 로사르탄 복용을 중단하셨다는 것은 매우 잘 하신 일입니다.

현재 몸이 아프시다고 하셨는데, 로사르탄 복용 중단으로 인한 금단증상일 가능성은 낮습니다. 하지만 다른 원인으로 몸이 아프실 수 있으므로, 임신 초기의 건강 관리는 매우 중요하기 때문에 반드시 의사나 다른 의료 전문가와 상담하시는 것이 좋습니다.

**절대 스스로 약을 복용하지 마시고,** 현재 상태와 임신 사실을 알려주고 안전하게 복용할 수 있는 약물에 대해 상의하세요. 의사는 임신 중 안전하게 복용할 수 있는 대체 고혈압 치료제를 처방해 줄 수 있습니다.

**요약:**

* **로사르탄은 임신 중, 특히 후기에 매우 위험합니다.**
* **복용을 중단한 것은 잘 하신 일입니다.**
* **몸이 아프신 이유를 확인하고 안전한 치료를 받기 위해 의사와 꼭 상담하세요.**
* **절대 자가 치료를 하지 마세요.**

건강을 위해 빠른 시일 내에 의료 전문가의 도움을 받으시기를 권장합니다.
"
"나 후기인데, 세티리진 500mg짜리를 2알 먹었어. 나 지금 너무 아파서 필요할 것 같은데 괜찮아?",죄송하지만 의료 조언을 드릴 자격이 없습니다. 의료 전문가와 상담하는 것이 좋습니다. 즉시 치료를 받으세요.
"나 임신 사실을 이제 막 알았어인데, 독실아민 200mg짜리를 3일 동안 복용했어 먹었어. 지금 너무 불안한데 괜찮을까?","임신을 축하드립니다! 임신 초기 독실아민 복용에 대해 걱정하시는 마음 충분히 이해합니다. 독실아민은 멀미, 구토, 메스꺼움 치료에 사용되는 항히스타민제입니다.

하지만 임신 중 독실아민 복용의 안전성에 대해서는 아직 충분한 연구가 이루어지지 않았습니다.  특히 임신 초기에는 태아의 기관 형성이 이루어지는 중요한 시기이기 때문에 약물 복용에 더욱 신중해야 합니다.

따라서 **가장 중요한 것은 담당 의사나 산부인과 전문의와 상담하는 것입니다.**  3일 동안 복용한 사실과 현재 임신 초기라는 것을 알려주고 전문적인 의견을 구하세요. 의사는 당신의 상황을 정확하게 파악하고 적절한 조언을 제공할 수 있는 유일한 사람입니다.

인터넷 검색을 통해 얻는 정보는 일반적인 내용일 뿐이며, 당신의 상황에 맞는 정확한 정보가 아닐 수 있습니다. 불안감을 해소하고 안전한 임신을 위해서는 반드시 전문가와 상담하는 것이 최선입니다.

걱정되시는 마음 충분히 이해하지만, 너무 불안해하지 마시고 의사와 상담 후 안내에 따라주시면 됩니다.  건강한 임신 기간을 보내시기를 바랍니다.
"
"임신 지금 7주차야 상태에서 베타히스틴 200mg짜리를 1알 먹었는데, 혹시 대체할 수 있는 약이 있을까?","베타히스틴은 메니에르병과 같은 어지럼증 치료에 사용되는 약물입니다. 임신 7주차에 200mg을 한 알 복용하셨다고 하셨는데,  일단 안심시켜드리자면 단 한 번의 복용으로 심각한 문제가 발생할 가능성은 낮습니다. 하지만 임신 중에는 어떤 약물이든 의사나 약사와 상담 없이 복용하는 것은 권장되지 않습니다.

베타히스틴의 임신 중 안전성에 대한 자료는 충분하지 않으며, 특히 임신 초기에는 태아에게 미치는 영향을 완전히 배제할 수 없습니다. 따라서 베타히스틴 복용을 중단하고, 어지럼증 증상 완화를 위해 다음과 같은 대안을 고려해 볼 수 있습니다:

* **의사 또는 약사와 상담:** 가장 중요한 것은 의사나 약사와 상담하여 현재 상황에 맞는 적절한 조치를 취하는 것입니다.  복용한 약물과 임신 주수를 정확히 알려주고, 어지럼증의 원인과 증상에 대해 자세히 설명하십시오. 전문가는 안전하고 효과적인 대체 약물이나 치료법을 제시할 수 있습니다.

* **생활 습관 개선:** 충분한 수분 섭취, 규칙적인 식사, 충분한 휴식, 스트레스 관리 등은 어지럼증 완화에 도움이 될 수 있습니다. 카페인과 알코올 섭취는 피하는 것이 좋습니다.

* **증상 완화를 위한 다른 방법:** 어지럼증의 원인에 따라 의사는 특정 운동이나 자세, 또는 다른 약물(예: 진토제)을 권장할 수 있습니다.  임신 중 안전하게 사용할 수 있는 약물이 있는지 의사와 상의하십시오.

* **추가적인 검사:** 어지럼증이 지속되거나 심해지는 경우, 의사는 원인을 파악하기 위해 추가적인 검사를 권할 수 있습니다.

**다시 한번 강조하지만, 임신 중에는 어떤 약물이든 의사나 약사와 상담 없이 복용해서는 안 됩니다.**  본 정보는 의학적 조언을 대체할 수 없으며,  반드시 전문가의 상담을 받으시길 바랍니다.
"
"나 후기인데, 클로르페니라민 100mg짜리를 3일 동안 복용했어 먹었어. 지금 너무 불안한데 괜찮을까?","클로르페니라민은 항히스타민제로 알레르기 증상 완화에 사용됩니다. 하지만 고용량 또는 장기간 복용 시 불안, 초조, 혼란 등의 부작용이 나타날 수 있습니다. 100mg은 매우 높은 용량이며, 일반적인 권장 용량보다 훨씬 높습니다. 게다가 3일 동안 복용하셨다면 부작용 발생 가능성이 더 높아집니다.

지금 불안감을 느끼시는 것이 클로르페니라민 과다 복용과 관련이 있을 가능성이 있습니다.  **즉시 복용을 중단하고,**  가까운 병원 응급실이나 의료기관에 방문하여 진료를 받으시는 것이 좋습니다.  증상과 복용량에 대해 정확히 알려 의사의 적절한 조치를 받으셔야 합니다.

**절대 스스로 다른 약물을 복용하여 증상을 완화하려고 하지 마세요.**  의사와 상담 없이 다른 약물을 복용하면 상호작용으로 인해 더 위험한 상황이 발생할 수 있습니다.

다음과 같은 증상이 나타나면 즉시 응급 의료 서비스(119)를 이용하세요:

* 심한 불안이나 공황발작
* 환각
* 발작
* 호흡곤란
* 의식 저하 또는 혼수

지금 상황이 걱정되시는 것은 당연합니다.  가장 중요한 것은 신속하게 의료 전문가의 도움을 받는 것입니다.  주저하지 마시고 병원을 방문하거나 119에 연락하세요.
"
"나 34주야인데, 세티리진 500mg짜리를 1알 먹었어. 의사한테 상담을 받아야 할까?","네, 34주 임산부시고 처방전 없이 세티리진 500mg을 복용하셨다면 의사나 다른 의료 전문가와 상담하시는 것이 좋습니다.

몇 가지 이유는 다음과 같습니다.

* **고용량:** 세티리진의 일반적인 성인용량은 10mg입니다. 복용하신 500mg은 권장량의 50배로, 과다 복용으로 간주됩니다. 세티리진 과다 복용은 졸음, 혼돈, 심박수 증가 등의 증상을 유발할 수 있습니다.
* **임신:** 임신 중 세티리진 사용에 대한 안전성 정보는 제한적입니다. 대부분의 연구에 따르면 임신 중 세티리진 사용이 태아에게 큰 위험을 초래하지 않는 것으로 나타났지만, 특히 고용량 복용 시 잠재적 위험에 대해 의사와 상담하는 것이 중요합니다.
* **개별적인 요인:** 임신, 건강 상태, 복용 중인 다른 약물 등 개별적인 요인에 따라 세티리진에 대한 반응이 다를 수 있습니다. 의사는 귀하의 특정 상황을 고려하여 최선의 조치를 권고할 수 있습니다.

**즉시 해야 할 일:**

* **의사나 다른 의료 전문가에게 연락:** 임신 중 세티리진 과다 복용에 대해 알리고 필요한 조치를 취하십시오. 한국의 경우, 1339(응급의료정보센터)에 연락하여 도움을 받을 수 있습니다.
* **증상 관찰:** 졸음, 혼돈, 심박수 증가 등의 이상 증상이 나타나면 즉시 의료진에게 알리십시오.
* **진정하고 안전한 곳에 머무르세요:** 과다 복용으로 인해 졸음이나 어지러움이 발생할 수 있으므로 운전이나 위험한 활동은 피하십시오.

**향후 주의사항:**

* **처방전 없이 약물 복용하지 않기:** 특히 임신 중에는 의사나 약사와 상담 없이 약물을 복용하지 않도록 주의하십시오.
* **약물 복용량 확인:** 약물 복용 전 항상 라벨을 주의 깊게 읽고 처방된 용량을 정확하게 복용하십시오.
* **약물 관련 질문은 의료 전문가에게 문의:** 약물에 대한 질문이나 우려 사항이 있으면 의사, 약사 또는 다른 의료 전문가에게 문의하십시오.


이 정보는 의학적 조언을 대신할 수 없습니다. 의심스러운 경우 항상 의료 전문가와 상담하십시오.
"
"임신 9개월차인데 상태에서 프레드니솔론 500mg짜리를 반 알 먹었는데, 혹시 대체할 수 있는 약이 있을까?","임신 9개월 차에 프레드니솔론 500mg의 절반을 복용하셨다고 하셨는데, 먼저 **프레드니솔론 500mg 용량은 일반적이지 않고 매우 높은 용량입니다.** 처방전에 오류가 있거나, 단위를 잘못 이해하셨을 가능성이 높습니다. 일반적으로 프레드니솔론은 mg 단위가 아닌 5mg 단위의 정제로 처방됩니다. 따라서 5mg 정제의 절반(2.5mg)을 복용하신 것으로 추정됩니다.  **만약 500mg을 복용하셨다면 즉시 응급실로 가셔야 합니다.**

프레드니솔론은 임신 중에 사용될 수 있는 약물이지만, 특히 임신 후기에 사용할 경우 태아에게 영향을 미칠 수 있으므로 반드시 의사의 처방과 지시에 따라 복용해야 합니다.  **절대로 임의로 약을 바꾸거나 중단해서는 안 됩니다.**

질문하신 대체 약물에 대해서는 **의사만이 판단할 수 있습니다.**  현재 복용 중인 약의 용량, 임신 주수, 질환, 다른 약물 복용 여부 등을 종합적으로 고려해야 적절한 대체 약물을 결정할 수 있습니다.

따라서, 다음과 같은 조치를 취하시기를 강력히 권장합니다.

* **즉시 처방해 준 의사에게 연락하십시오.** 복용한 약의 용량을 정확히 확인하고, 500mg을 복용했을 경우 응급 조치를 받으셔야 합니다.
* **약을 바꾸거나 중단하기 전에 반드시 의사와 상담하십시오.** 임의로 약물을 변경하는 것은 위험할 수 있습니다.
* **처방전을 다시 한번 확인하십시오.** 용량이나 약물 이름에 오류가 있는지 확인하십시오.
* **약물 복용과 관련된 모든 정보를 의사에게 정확하게 전달하십시오.**  알레르기, 다른 질환, 복용 중인 다른 약물 등을 모두 알려야 안전하게 치료받을 수 있습니다.


**이 정보는 의학적 조언을 대체할 수 없습니다.  반드시 의료 전문가와 상담하십시오.**
"
"임신 임신 6개월차 상태에서 이부프로펜 100mg짜리를 한 번만 먹었어 먹었는데, 먹어야 할지 고민돼.","임신 6개월 차에 이부프로펜 100mg을 한 번 복용하셨다는 말씀이시군요. 걱정되시는 마음 충분히 이해합니다.

이부프로펜은 임신 초기와 후기에는 일반적으로 권장되지 않습니다. 특히 임신 후기(30주 이후)에는 태아의 심혈관계에 영향을 미칠 수 있기 때문에 사용을 피해야 합니다. 

현재 6개월 차시라면 임신 중기인데, 중기에는 이부프로펜 사용에 대한 위험성이 초기나 후기보다는 낮다고 알려져 있습니다. 하지만 *단 한 번의 복용이라도 의사나 약사와 상담 없이 임의로 복용하는 것은 권장되지 않습니다.*

100mg은 비교적 낮은 용량이지만, 태아에게 미치는 영향은 개인차가 있을 수 있습니다. 따라서 안전을 위해 다음과 같은 조치를 취하시는 것이 좋습니다.

* **의사 또는 약사와 상담:** 현재 상태와 복용한 약에 대해 정확하게 알리고 전문가의 의견을 구하는 것이 가장 중요합니다.
* **태동 관찰:** 아기의 움직임을 주의 깊게 관찰하고, 평소와 다른 점이 있다면 즉시 병원을 방문하십시오.
* **추가 복용 금지:** 의사나 약사의 지시 없이는 이부프로펜을 포함한 어떠한 약물도 복용하지 마십시오.
* **진통제 필요시 대안 모색:** 통증이 지속될 경우, 아세트아미노펜(타이레놀)과 같은 다른 진통제 사용 가능성에 대해 의사와 상담하십시오.  아세트아미노펜은 임신 중 비교적 안전하게 사용할 수 있는 진통제로 알려져 있지만, 역시 의사와 상의 후 복용해야 합니다.

걱정되시는 마음 충분히 이해합니다. 하지만 너무 불안해하지 마시고, 의사나 약사와 상담하여 적절한 조치를 취하시는 것이 가장 중요합니다.  빠른 시일 내에 전문가와 상담하시기를 권장합니다.
"
"나 13주 지난 상태인데인데, 클로르페니라민 200mg짜리를 2알 먹었어. 복용해도 괜찮을까?","클로르페니라민 200mg 2정을 복용했다면 권장량보다 훨씬 많은 용량을 복용한 것입니다. 임신 13주차이기 때문에 즉시 의사나 기타 의료 전문가에게 문의하거나 독극물 관리 센터에 연락해야 합니다. 의료 전문가가 귀하의 특정 상황에 맞는 최선의 조치를 조언해 줄 수 있습니다.

클로르페니라민은 항히스타민제로서 알레르기, 감열, 기타 질환의 증상을 치료하는 데 사용됩니다. 처방전 없이 구입할 수 있으며, 다양한 브랜드명으로 판매되고 있습니다. 일반적인 부작용으로는 졸음, 구강 건조, 현기증, 메스꺼움이 있습니다. 고용량의 경우 더 심각한 부작용이 발생할 수 있습니다.

임신 중에는 일반적으로 클로르페니라민 복용이 안전한 것으로 간주되지만, 복용하기 전에 의사와 상담하는 것이 중요합니다, 특히 권장량 이상을 복용한 경우에는 더욱 그렇습니다. 의사가 귀하의 특정 상황에 맞는 위험 및 이점을 평가하는 데 도움을 줄 수 있습니다."
"나 후기인데, 로라타딘 500mg짜리를 2알 먹었어. 태아한테 영향이 있을까?","드럭인포맘: 로라타딘 500mg 두 알을 복용하셨다니 걱정되시는 마음 충분히 이해합니다. 우선, 로라타딘의 일반적인 성인 복용량은 하루 한 알(10mg)입니다. 500mg은 매우 높은 용량이며, 처방전 없이 구입할 수 있는 로라타딘은 보통 10mg입니다. 따라서 500mg이라는 용량은 오류일 가능성이 높습니다. 혹시 5mg 두 알을 드신 건 아닌가요?

만약 실제로 500mg씩 두 알, 총 1000mg을 복용하셨다면, **즉시 의사나 약사에게 연락하여 상담하셔야 합니다.** 과다 복용은 심각한 부작용을 초래할 수 있습니다.

임신 중 로라타딘 복용에 대한 안전성은 아직 완전히 확립되지 않았지만, 일반적인 용량(10mg)에서는 태아에게 큰 위험을 초래하지 않는 것으로 알려져 있습니다. 하지만 고용량 복용은 위험할 수 있습니다.

**다시 한번 강조하지만, 현재 복용하신 용량이 권장량보다 훨씬 높으므로, 지금 바로 의사나 약사, 또는 가까운 응급센터에 연락하여 상담받으시는 것이 가장 중요합니다.**  담당 의료진에게 임신 사실을 명확히 알리고 정확한 복용량과 시간을 알려주세요.

본 정보는 의학적 조언을 대체할 수 없습니다. 항상 의료 전문가의 지시를 따르시기 바랍니다.
"
"임신 말기 상태에서 심바스타틴 100mg짜리를 1알 먹었는데, 내가 먹어도 안전한지 알려줘.","임신 중이시고 심바스타틴 100mg을 한 알 복용하셨다는 말씀 잘 들었습니다. 임신 중에는 심바스타틴을 복용하는 것이 권장되지 않기 때문에 최대한 빨리 담당 의사나 다른 의료 전문가와 상의하는 것이 중요합니다. 그들은 귀하의 특정 상황에 맞는 조언을 제공할 수 있습니다.

임신 중 심바스타틴 사용과 관련된 잠재적 위험에 대해 알아두면 도움이 될 것입니다. 심바스타틴은 스타틴이라는 약물 종류에 속하며 콜레스테롤 수치를 낮추는 데 사용됩니다. 스타틴은 태아의 정상적인 발달에 필요한 특정 물질 생성을 방해할 수 있으므로 임신 중에는 일반적으로 피해야 합니다.

심바스타틴 100mg을 한 알 복용하셨기 때문에 가능한 한 빨리 담당 의사나 다른 의료 전문가와 상의하여 귀하와 아기의 건강을 보장하는 것이 중요합니다. 그들은 귀하의 특정 상황에 맞는 조언을 제공하고 태아의 건강을 모니터링하는 데 필요한 조치를 취할 수 있습니다.

또한 임신 중 특정 약물의 안전에 대해 궁금한 사항이 있으면 Drugs.com의 임신 중 약물 데이터베이스를 확인하거나 LactMed 데이터베이스에 문의하여 모유 수유 중 약물의 안전성에 대해 자세히 알아볼 수 있다는 점을 알려드리고 싶습니다. 이러한 리소스는 귀중한 정보를 제공하고 의사결정을 내리는 데 도움이 될 수 있습니다."
"임신 13주 지난 상태인데 상태에서 피록시캄 200mg짜리를 3일 동안 복용했어 먹었는데, 나 지금 너무 아파서 필요할 것 같은데 괜찮아?","임신 13주차이고 피록시캄 200mg을 3일간 복용하셨군요. 걱정하시는 것도 당연합니다. 하지만 의학적 조언을 드릴 수 없다는 점 양해 바랍니다. 저는 의사도 약사도 아니기 때문입니다.

현재 임신 중이므로, 복용할 수 있는 약과 복용량은 전문 의료인만 판단할 수 있습니다. 피록시캄을 계속 복용해도 되는지, 아니면 다른 약으로 바꿔야 하는지 정확히 알려면 의사 또는 약사와 상담해야 합니다.

의료 전문가는 임신 상태와 증상을 고려하여 가장 적절한 조언을 해줄 것입니다. 셀프케어는 좋지만, 전문가의 도움을 받는 것이 안전하고 효과적인 치료를 위해 가장 중요합니다.

지금 바로 담당 의사나 약사에게 연락하여 상황을 설명하고 필요한 조언을 구하는 것을 강력히 권장합니다. 만약 의사나 약사와 연락이 어렵다면, 가까운 병원이나 산부인과에 방문하여 진료를 받으세요.

임신 중 건강 관리는 매우 중요하며, 전문가의 도움을 받는 것이 가장 안전한 방법입니다. 건강하고 행복한 임신 기간을 보내시길 바랍니다.
"
"나 지금 7주차야인데, 비사코딜 100mg짜리를 3일 동안 복용했어 먹었어. 복용하고 나서 부작용이 있을까 걱정돼.","안녕하세요. 임신 7주차에 비사코딜 100mg을 3일 동안 복용하셨다고 하셨는데, 변비 때문에 드신 것으로 추측됩니다. 임신 중 변비는 흔한 증상이지만, 비사코딜과 같은 자극성 완하제는 의사와 상담 없이 장기간 복용하는 것은 권장되지 않습니다.

비사코딜은 장의 연동운동을 촉진시켜 배변을 유도하는 약물입니다. 단기간 복용은 일반적으로 안전하다고 알려져 있지만, 장기간 또는 고용량 복용은 다음과 같은 부작용을 유발할 수 있습니다:

* **복통, 설사, 복부팽만감:**  가장 흔한 부작용입니다.
* **탈수:** 설사가 심할 경우 발생할 수 있습니다. 충분한 수분 섭취가 중요합니다.
* **전해질 불균형:** 장기간 설사로 인해 발생할 수 있습니다.
* **장 무력증:** 장기간 사용 시 장의 자연적인 운동 기능이 저하될 수 있습니다.
* **약물 의존성:** 장기간 사용 시 약에 의존하게 되어 자연 배변이 어려워질 수 있습니다.


**임신 중 비사코딜 복용과 관련해서는, 현재까지 태아에게 직접적인 해를 끼친다는 명확한 증거는 없습니다.** 하지만 임신 중에는 약물 복용에 더욱 신중해야 하므로, 전문가의 의견 없이 자의적으로 복용하는 것은 권장되지 않습니다.

**지금 할 수 있는 일:**

* **산부인과 전문의와 상담:**  비사코딜 복용 사실을 알리고, 변비 증상에 대한 적절한 치료 방법을 상담 받으세요.  의사는 임신 주수와 건강 상태를 고려하여 안전한 변비 치료법을 제시해 줄 것입니다.
* **수분 섭취:** 충분한 수분 섭취는 변비 예방에 도움이 됩니다. 물, 주스 등을 충분히 마시도록 하세요.
* **식이섬유 섭취:** 과일, 채소, 통곡물 등 식이섬유가 풍부한 음식을 섭취하세요.
* **규칙적인 운동:**  가벼운 산책 등 규칙적인 운동은 장 운동을 활발하게 합니다. 단, 임신 중에는 무리한 운동은 피해야 합니다.


3일 복용 후 현재 특별한 부작용이 없다면 크게 걱정하지 않으셔도 되지만, 변비 증상이 지속되거나 악화된다면 반드시 산부인과 전문의와 상담하여 적절한 조치를 받으시기 바랍니다.  자가 치료보다는 전문가의 도움을 받는 것이 안전하고 효과적인 방법입니다.
"
"나 말기인데, 세티리진 200mg짜리를 3일 동안 복용했어 먹었어. 의사한테 상담을 받아야 할까?","세티리진은 일반적으로 성인과 6세 이상 어린이의 알레르기 증상을 치료하는 데 사용되는 항히스타민제입니다. 일반적인 용량은 하루에 한 번 10mg입니다. 어떤 경우에는 의사가 하루에 최대 20mg을 처방할 수도 있습니다. 200mg의 세티리진을 복용하면 권장량의 10~20배를 복용하게 되므로 과다 복용이 될 수 있습니다. 세티리진 과다 복용의 증상에는 졸음, 혼돈, 어지러움, 불안, 빠른 심장 박동, 떨림 및 발작이 포함될 수 있습니다. 200mg의 세티리진을 3일 동안 복용했다면 즉시 의료 지원을 받는 것이 중요합니다. 증상을 경험하지 않더라도 여전히 치료를 받아야 합니다."
"나 임신 6개월차인데, 세티리진 100mg짜리를 2알 먹었어. 의사한테 상담을 받아야 할까?","임신 6개월차에 세티리진 100mg을 2알 복용하셨다면, 즉시 의사나 약사와 상담하는 것이 좋습니다. 일반적으로 세티리진의 권장 복용량은 하루 한 알(10mg)입니다. 두 알을 복용하셨으므로 권장량의 20배를 복용하신 것입니다.  과다 복용은 졸음, 혼란, 두통, 어지러움 등의 부작용을 일으킬 수 있습니다.

특히 임신 중에는 약물 복용에 더욱 신중해야 합니다. 태아에게 미치는 영향은 확실하게 밝혀지지 않았지만, 고용량 복용은 위험할 수 있습니다.  의사는 당신의 상태를 평가하고 적절한 조치를 취할 수 있도록 도와줄 것입니다.

**지금 바로 의사나 약사에게 연락하시거나, 가까운 병원 응급실을 방문하시길 강력히 권장합니다.**  기다리지 마시고, 즉시 도움을 요청하세요.  빠른 조치가 당신과 태아의 건강을 지키는 데 중요합니다.
"
"나 후기인데, 비사코딜 500mg짜리를 2알 먹었어. 먹어야 할지 고민돼.","드럭인포맘: 비사코딜 500mg 2알을 복용하셨다는 말씀이시군요.  현재 괜찮으신가요?  복용 후 시간이 얼마나 지났나요?  

비사코딜은 변비 치료에 사용되는 자극성 완하제입니다.  권장 용량을 초과하여 복용하면 심한 복통, 설사, 탈수 등의 부작용이 발생할 수 있습니다. 이미 2알을 복용하셨으므로, **절대로 추가로 복용하지 마세요.**

현재 복통, 설사, 어지러움, 쇠약감 등의 증상이 나타나면 즉시 의사나 약사와 상담하거나, 응급 의료기관에 연락하십시오. 특히 심한 복통이나 혈변이 있는 경우에는 지체 없이 병원을 방문해야 합니다.

지금 당장 특별한 증상이 없더라도, 많은 양을 복용했으므로 앞으로 발생할 수 있는 부작용에 주의해야 합니다.  수분을 충분히 섭취하여 탈수를 예방하고, 증상 변화를 잘 관찰하세요.

향후 변비약 복용에 대해서는 의사나 약사와 상담하여 적절한 용량과 복용법을 지도받으시길 권장합니다. 절대로 임의로 용량을 늘리거나 다른 변비약과 함께 복용하지 마세요.

**다시 한 번 강조합니다.  절대로 추가로 비사코딜을 복용하지 마세요.  그리고 몸에 이상이 느껴지면 즉시 의료진에게 도움을 요청하세요.**
"
"임신 후기 상태에서 와파린 100mg짜리를 2알 먹었는데, 내가 먹어도 안전한지 알려줘.","드럭인포맘: 임신 후기 상태에서 와파린 100mg 2알을 복용하셨다니 매우 걱정되는 상황입니다. 와파린은 임신, 특히 후기에 복용하면 태아에게 심각한 위험을 초래할 수 있는 혈액 응고 방지제입니다. **지금 당장 의사나 다른 의료 전문가에게 연락하여 조언을 구하는 것이 매우 중요합니다.** 지체하지 말고 즉시 조치를 취하십시오.

와파린은 태아에게 다음과 같은 위험을 초래할 수 있습니다.

* **태아 출혈:** 와파린은 태아의 혈액 응고 능력을 방해하여 출혈을 일으킬 수 있으며, 이는 생명을 위협할 수 있습니다.
* **선천적 기형:** 특히 임신 첫 3개월 동안 와파린을 복용하면 태아의 뼈와 연골 발달에 영향을 미쳐 기형을 유발할 수 있습니다.
* **태아 사망:** 심한 경우, 와파린 노출은 태아 사망으로 이어질 수 있습니다.

의사나 의료 전문가에게 연락할 때는 복용한 와파린의 양과 복용 시점을 알려주십시오. 그들은 상황을 평가하고 필요한 조치를 취할 것입니다.

**긴급 상황인 경우 119에 전화하거나 가까운 응급실로 가십시오.**

**이 정보는 의학적 조언을 대체하지 않습니다. 항상 의사나 다른 의료 전문가와 상담하여 귀하의 특정 상황에 맞는 조언을 받으십시오.**
"
"임신 이제 20주가 되었어 상태에서 발프로산 200mg짜리를 3일 동안 복용했어 먹었는데, 의사한테 상담을 받아야 할까?","네, **반드시 의사와 상담하셔야 합니다.** 발프로산은 임신 중 태아에게 기형을 유발할 수 있는 것으로 알려진 약물입니다. 특히 신경관 결손과 같은 심각한 선천적 결함의 위험을 증가시킬 수 있습니다.

3일 동안 복용하셨더라도 태아에게 미치는 영향에 대해 의사와 상담하여 적절한 조치를 취하는 것이 매우 중요합니다. 의사는 발프로산 복용으로 인한 위험성을 평ㄷ가하고, 필요한 검사 및 추적 관찰을 진행할 것입니다.  

**지금 바로 산부인과 담당의에게 연락하여 상황을 설명하고 진료 예약을 잡으세요.**  기다리지 마시고 최대한 빨리 연락하는 것이 중요합니다.  

다음은 의사와 상담 시 도움이 될 수 있는 정보입니다.

* **마지막으로 발프로산을 복용한 날짜와 시간:** 정확한 정보를 제공하면 의사가 위험성을 평가하는 데 도움이 됩니다.
* **복용량:** 하루에 200mg씩 3일 복용하셨다는 것을 명확히 알려주세요.
* **발프로산 복용 이유:** 어떤 이유로 복용하게 되었는지 설명하세요.
* **다른 약물 복용 여부:** 현재 복용 중인 다른 약물이 있다면 의사에게 알려주세요.

**절대로 의사와 상담 없이 임의로 약물 복용을 중단하거나 변경하지 마세요.**  전문가의 지시에 따라야 안전합니다.
"
"임신 13주 지난 상태인데 상태에서 아토르바스타틴 500mg짜리를 1알 먹었는데, 태아한테 영향이 있을까?","임신 13주차에 아토르바스타틴 500mg을 복용하셨다니 걱정되시는 마음 충분히 이해합니다. 우선 **아토르바스타틴은 임신 중 복용해서는 안 되는 약물입니다.**  태아의 발달에 중요한 콜레스테롤 생성을 억제하기 때문에 선천적 기형을 유발할 수 있습니다.  500mg은 일반적인 용량보다 매우 높은 용량이기 때문에 더욱 우려스럽습니다.

**지금 바로 해야 할 일:**

1. **즉시 담당 산부인과 의사 또는 주치의에게 연락하십시오.**  복용한 약물, 용량, 복용 시점을 정확하게 알려주세요. 의사는 상황을 평가하고 필요한 조치를 취할 것입니다.
2. **침착하게 의사의 지시를 따르십시오.**  불안하시겠지만, 당황하지 말고 전문가의 안내를 받는 것이 중요합니다.
3. **자가 치료를 하지 마세요.**  구토를 유도하거나 다른 약물을 복용하는 등의 행동은 위험할 수 있습니다.

**추가 정보:**

* 아토르바스타틴은 임신 중에는 안전한 대안이 없습니다. 고콜레스테롤혈증이 있다면 의사와 상의하여 임신 기간 동안 안전하게 관리할 수 있는 방법을 찾아야 합니다.
* 약물 복용 전에는 항상 의사나 약사와 상담하는 것이 중요합니다. 특히 임신 중이거나 임신을 계획 중인 경우에는 더욱 신중해야 합니다.

**이 정보는 의학적 조언을 대신할 수 없습니다.**  반드시 의료 전문가와 상담하여 정확한 진단과 치료를 받으시기 바랍니다.  걱정되는 마음 충분히 이해하며, 모든 것이 잘 되기를 바랍니다.
"
"나 지금 7주차야인데, 세티리진 200mg짜리를 한 번만 먹었어 먹었어. 혹시 대체할 수 있는 약이 있을까?","임신 7주차에 세티리진 200mg을 한 번 복용하셨다고 하셨는데, 이는 일반적인 세티리진 복용량(10mg)보다 훨씬 높은 용량입니다. 혹시 용량을 잘못 기억하신 것은 아닌지 확인해보시는 것이 좋겠습니다. 200mg은 성인에게도 매우 높은 용량이며, 임산부에게는 특히 위험할 수 있습니다.

**가장 중요한 것은 즉시 의사나 약사와 상담하는 것입니다.**  복용한 용량이 실제로 200mg이라면 전문가의 도움이 꼭 필요합니다.

만약 용량을 잘못 기억하신 것이고, 일반적인 용량(10mg)을 복용하셨다면, 세티리진은 일반적으로 임신 중에 비교적 안전한 약물로 간주되지만, 담당 의사와 상담 없이 복용하는 것은 권장되지 않습니다.

알레르기 증상 완화를 위해 다른 방법을 찾고 계시다면, 다음과 같은 대안을 고려해볼 수 있지만, **반드시 의사나 약사와 상담 후 사용하셔야 합니다.**

* **국소 스테로이드:** 코막힘이나 피부 가려움증과 같은 특정 증상에 효과적일 수 있습니다.
* **생리식염수 코 세척:** 코막힘을 완화하는 데 도움이 될 수 있습니다.
* **가습기 사용:** 건조한 공기로 인한 알레르기 증상을 완화하는 데 도움이 될 수 있습니다.

**다시 한 번 강조하지만, 임의로 약물을 변경하거나 중단하지 마십시오. 특히 임신 중에는 반드시 의사나 약사와 상담하여 안전한 치료법을 찾는 것이 중요합니다.**  본 정보는 의학적 조언을 대체할 수 없으며, 단지 정보 제공의 목적으로만 제공됩니다.
"
"임신 아직 초기라 정확하지 않아 상태에서 프레드니솔론 500mg짜리를 반 알 먹었는데, 먹어야 할지 고민돼.","임신 초기 프레드니솔론 복용에 대한 문의 주셨네요. 이해합니다. 특히 임신 초기에는 약 복용에 대해 더욱 신중하게 되는 것이 당연합니다.  프레드니솔론 500mg 용량의 반 알을 복용하셨다고 하셨는데, 우선 **500mg 용량의 프레드니솔론 정제는 일반적이지 않으며, 용량 확인이 꼭 필요합니다.**  5mg, 10mg 등의 용량이 더 일반적입니다.  복용하신 약의 정확한 용량을 다시 한번 확인해주세요.

**중요한 것은 임신 중 프레드니솔론 복용은 반드시 의사와 상담 후 결정되어야 한다는 것입니다.**  프레드니솔론은 스테로이드 계열 약물로, 임신 중 복용 시 태아에게 영향을 미칠 가능성이 있습니다. 물론 꼭 필요한 경우 의사의 처방과 관리 하에 복용하는 경우도 있습니다.

**지금 바로 해야 할 일은 다음과 같습니다.**

1. **약의 정확한 용량 확인:**  프레드니솔론 500mg은 매우 고용량입니다.  5mg, 10mg, 20mg 등 다른 용량일 가능성이 높습니다.  처방전이나 약 포장을 확인하여 정확한 용량을 확인하십시오.

2. **산부인과 또는 처방 의사에게 연락:**  복용한 약의 이름과 용량, 복용 시점, 임신 가능성 등을 알리고 상담받으세요.  전문의의 판단에 따라 추가적인 조치가 필요할 수 있습니다.

3. **임의로 약 복용 중단 또는 추가 복용 금지:**  의사와 상담 없이 임의로 약 복용을 중단하거나 추가 복용하지 마십시오.

4. **걱정하지 마세요:**  일시적인 약물 노출로 인해 심각한 문제가 발생하는 경우는 드뭅니다.  하지만 의사와 상담하여 안전을 확인하는 것이 가장 중요합니다.

**드럭인포맘은 의학적 조언을 제공할 수 없습니다.**  제공된 정보는 참고용이며, 전문 의료인의 상담을 대체할 수 없습니다.  반드시 의사와 상담하여 정확한 진단과 치료를 받으시기 바랍니다.
"
"임신 임신 6개월차 상태에서 라미프릴 200mg짜리를 반 알 먹었는데, 나 지금 너무 아파서 필요할 것 같은데 괜찮아?","임신 6개월째일 때 라미프릴 200mg짜리 약 반 알을 복용하셨다고 하셨는데, 통증을 느끼고 괜찮은지 궁금해하시는 것 같습니다. **즉시 의료 전문가에게 문의하는 것이 절대적으로 중요합니다.** 여기에는 의사, 약사, 또는 지역 독극물 관리 센터가 포함됩니다. 임신 중에 라미프릴 복용은 태아에게 심각한 해를 끼칠 수 있습니다.

**라미프릴을 복용한 후 통증이 있으면 의료 전문가와 상담하는 것을 지연하지 마십시오.** 귀하의 통증이 라미프릴과 직접 관련이 있는지 여부를 파악하는 것은 저로서는 불가능합니다. 그러나 임신 중이고 잠재적으로 유해한 약물을 복용했다는 점을 감안할 때 신속한 치료를 받는 것이 중요합니다.

다음은 귀하의 질문에 더 직접적으로 답변하는 것입니다:

* **내가 괜찮을까요?**  불행히도 저는 의사가 아니므로 그 질문에 답할 수 없습니다. 의사의 진찰을 받아야 합니다. 의료 전문가는 귀하의 구체적인 상황과 관련된 위험에 대해 정확한 정보를 제공할 수 있습니다.

* **내가 뭘 해야 할까요?** 위에서 말했듯이, **가능한 한 빨리 의료 전문가에게 문의**하세요. 잠재적 위험을 평가하고 필요한 조치를 취할 수 있습니다.

**더 이상의 조언을 드릴 수 없음을 기억해 주십시오.** 저는 의료 전문가가 아닙니다. 의료 관련 질문이 있을 때는 항상 자연어 처리 챗봇이 아닌 의사나 다른 자격을 갖춘 의료 전문가에게 문의하는 것이 중요합니다."
"임신 정확한 주수는 모르겠지만 임신 상태야 상태에서 피록시캄 500mg짜리를 1알 먹었는데, 혹시 대체할 수 있는 약이 있을까?","임신 중 피록시캄 500mg 복용에 대해 걱정하시는 마음 충분히 이해합니다. 특히 정확한 임신 주수를 모르는 상황에서는 더욱 불안하실 겁니다.  피록시캄은 비스테로이드성 항염증제(NSAID)로, 임신 중, 특히 후기에 복용 시 태아에게 심각한 부작용을 초래할 수 있습니다. 따라서 **절대로 임의로 다른 NSAID 계열 약물로 대체해서는 안 됩니다.**

가장 중요한 것은 **즉시 산부인과 전문의와 상담**하는 것입니다.  피록시캄 복용 사실과 임신 상태를 알리고, 태아에게 미칠 수 있는 영향에 대해 정확한 진단과 조언을 받으셔야 합니다. 전문의는 임신 주수와 현재 상태를 정확히 파악하여 적절한 조치를 취할 것입니다.

통증이나 염증 때문에 피록시캄을 복용하셨다면, 의사와 상담 후 **임신 중에 안전하게 사용할 수 있는 대체 진통제**를 처방받을 수 있습니다.  예를 들어 아세트아미노펜(타이레놀)은 일반적으로 임신 중에 비교적 안전하다고 알려져 있지만, 역시 전문의와 상의 후 복용량과 복용 기간을 지켜야 합니다.

다시 한번 강조하지만, 임신 중 약물 복용은 매우 신중해야 합니다. 인터넷이나 다른 사람의 경험에 의존하지 말고, 반드시 산부인과 전문의의 지시를 따라야 합니다.  **지금 바로 산부인과에 연락하여 상담 받으시길 강력히 권고합니다.**
"
"나 13주 지난 상태인데인데, 차전자피 100mg짜리를 3일 동안 복용했어 먹었어. 내가 먹어도 안전한지 알려줘.","임신 13주차에 차전자피 100mg을 3일 동안 복용하셨는데 안전성 여부를 알고 싶으시군요.

임신 중 차전자피 복용의 안전성에 대해 확실하게 말씀드리기는 어렵습니다. 전문 의료인이 아니기 때문입니다. 하지만 일반적으로 차전자피는 임신 중 변비 완화에 안전하고 효과적인 방법으로 알려져 있습니다. 다만, 복용량과 복용 기간, 개인의 건강 상태 등에 따라 안전성이 달라질 수 있으므로 담당 의사나 약사와 상담하는 것이 가장 좋습니다.

차전자피는 섬유질 보충제로, 변비를 완화하고 배변 활동을 규칙적으로 만드는 데 도움을 줄 수 있습니다. 하지만 과다 복용 시 복부 팽만감, 가스, 설사 등의 부작용이 나타날 수 있습니다. 또한, 특정 약물과 상호작용을 일으킬 수 있으므로 다른 약물을 복용 중인 경우 의사와 상담해야 합니다.

임신 중에는 어떤 약물이나 보충제를 복용하기 전에 의사와 상담하는 것이 매우 중요합니다. 의사는 개인의 건강 상태와 임신 주수를 고려하여 안전한 복용량과 복용 기간을 결정해 줄 수 있습니다.

따라서 차전자피 복용에 대한 궁금증이나 우려 사항이 있다면 담당 의사나 약사와 상담하여 정확한 정보를 얻으시길 바랍니다.  지금까지 복용한 3일 동안 특별한 이상 증상이 없었다면 크게 걱정할 필요는 없겠지만, 앞으로 계속 복용할 계획이라면 의사와 상의하는 것이 안전합니다.
"
"임신 후기 상태에서 이부프로펜 500mg짜리를 1알 먹었는데, 복용하고 나서 부작용이 있을까 걱정돼.","임신 후기(특히 30주 이후)에 이부프로펜 500mg을 복용한 것은 태아에게 위험할 수 있으므로 우려되는 것은 당연합니다. 이부프로펜은 동맥관 조기 폐쇄와 양수 과소증을 유발할 수 있습니다.

**동맥관 조기 폐쇄**: 태아의 심장과 폐 사이에 있는 혈관인 동맥관이 조기에 닫히는 것입니다. 이는 태아의 폐 발달에 문제를 일으키고 심각한 심장 문제로 이어질 수 있습니다.

**양수 과소증**: 양수의 양이 감소하는 것입니다. 양수는 태아를 보호하고 발달을 돕는 역할을 하므로 양수 과소증은 태아의 성장 및 발달에 문제를 일으킬 수 있습니다.  탯줄 압박의 위험도 증가합니다.

**단 한 알을 복용했더라도** 위험이 완전히 없다고 단정할 수는 없습니다.

**지금 해야 할 일**:

* **즉시 산부인과 의사 또는 담당 의료 전문가에게 연락하세요.** 현재 상황을 알리고 필요한 검사와 조치를 받으셔야 합니다. 의사는 태아의 상태를 확인하고 적절한 조치를 취할 것입니다.
* **자가 치료를 피하세요.**  통증이나 불편함이 있더라도 의사와 상담 없이 다른 약물을 복용하지 마세요.
* **진통제 복용 전 의사와 상담하세요.** 임신 중에는 어떤 약물이든 복용하기 전에 의사와 상담하는 것이 매우 중요합니다.  임신 중 안전하게 복용할 수 있는 진통제에 대한 조언을 받으세요.  아세트아미노펜(타이레놀)은 일반적으로 임신 중에 의사와 상의 후 복용할 수 있는 진통제로 알려져 있습니다.

걱정되는 마음은 충분히 이해합니다. 하지만 불안해하기보다는 바로 의사에게 연락하여 상황을 설명하고 필요한 조치를 받는 것이 가장 중요합니다.  전문가의 도움을 받아 안전하게 임신을 유지하시길 바랍니다.
"
"나 정확한 주수는 모르겠지만 임신 상태야인데, 차전자피 200mg짜리를 한 번만 먹었어 먹었어. 내가 먹어도 안전한지 알려줘.","임신 중 차전자피 섭취의 안전성에 대한 질문이 있군요. 정확한 주수는 모르지만 임신 중이며 200mg 차전자피를 한 번 복용했다고 말씀하셨습니다.

임신 중에는 특히 건강 문제나 궁금한 사항이 있으면 의료 전문가와 상담하는 것이 중요합니다. 차전자피는 일반적으로 임신 중 변비 완화에 안전한 것으로 간주되지만 의사나 조산사와 상담하는 것이 가장 좋습니다. 그들은 임신에 대한 구체적인 정보를 바탕으로 개인화된 조언을 제공할 수 있습니다.

궁금한 사항이 있으면 의료 서비스 제공자에게 문의하는 것이 항상 최선의 조치입니다."
"나 13주 지난 상태인데인데, 아세트아미노펜 100mg짜리를 반 알 먹었어. 태아한테 영향이 있을까?","임신 13주차에 아세트아미노펜 50mg(100mg의 절반)을 복용하셨군요. 일반적으로 아세트아미노펜은 임신 중에 열이나 통증을 조절하기 위해 권장되는 약물 중 하나이며, 의사의 지시에 따라 권장 복용량을 복용하는 경우 태아에게 안전한 것으로 간주됩니다.

하지만 50mg은 매우 적은 용량이기 때문에 큰 문제가 될 가능성은 낮지만, 안심을 위해 다음 사항들을 고려해 보시기 바랍니다.

* **의사 또는 약사와 상담:** 임신 중 어떤 약물이든 복용하기 전에 의사나 약사와 상담하는 것이 가장 좋습니다. 특히 걱정되는 부분이 있다면 전문가의 의견을 듣는 것이 중요합니다. 현재 복용 중인 다른 약물이나 건강 상태에 대해서도 알려주세요.
* **권장 복용량 준수:**  아세트아미노펜을 복용할 때는 제품 라벨이나 의사, 약사의 지시에 따라 권장 복용량과 복용 간격을 지켜야 합니다. 임의로 용량을 늘리거나 줄이지 마세요.
* **정기적인 산전 검진:**  정기적인 산전 검진을 통해 태아의 건강 상태를 모니터링하는 것이 중요합니다. 담당 의사에게 아세트아미노펜 복용에 대해 알리고, 궁금한 점이 있으면 질문하세요.


이 정보는 일반적인 지침이며 의학적 조언을 대체할 수 없습니다. 걱정되거나 질문이 있으면 의사나 약사에게 문의하는 것이 가장 좋습니다.
"
"나 9개월차인데인데, 도큐세이트+비사코딜 200mg짜리를 한 번만 먹었어 먹었어. 먹어야 할지 고민돼.","드럭인포맘입니다. 9개월 차 임신 중이시고, 변비 때문에 도큐세이트+비사코딜 200mg을 한 번 복용하셨군요.  복용 여부를 고민하고 계시다니 걱정이 많으시겠습니다.

일단 안심하세요. **한 번 복용하신 것으로 태아에게 직접적인 해를 끼칠 가능성은 낮습니다.** 하지만 임신 중에는 약물 복용에 신중해야 하기 때문에 앞으로의 복용에 대해서는 주의가 필요합니다.

**가장 중요한 것은 담당 의사나 약사와 상담하는 것입니다.**  그들이 당신의 건강 상태와 임신 주기에 맞는 안전한 변비 해결 방법을 제시해 줄 수 있습니다.  자가진단으로 약물을 계속 복용하는 것은 위험할 수 있습니다.

의사나 약사와 상담하기 전까지는 다음 사항을 고려해 보세요.

* **변비의 원인 파악:** 임신 중 변비는 호르몬 변화, 자궁의 압박, 철분제 복용 등 여러 원인으로 발생할 수 있습니다. 원인을 파악하여 근본적인 해결책을 찾는 것이 중요합니다.
* **생활습관 개선:** 충분한 수분 섭취, 섬유질이 풍부한 식품 (과일, 채소, 통곡물) 섭취, 규칙적인 운동은 변비 예방 및 완화에 도움이 됩니다.
* **변비약 복용:**  비사코딜은 자극성 완하제로 장기간 또는 고용량 복용 시 의존성이 생길 수 있으며, 복통이나 설사 등 부작용을 유발할 수 있습니다. 따라서 의사나 약사와 상담 없이 임의로 복용하지 않는 것이 좋습니다.  특히 임신 후기에는 자궁 수축을 유발할 가능성도 있으므로 더욱 주의해야 합니다.

**다시 한번 강조하지만,  가장 중요한 것은 의사나 약사와 상의하는 것입니다.**  그들은 당신과 아기에게 안전한 최선의 방법을 제시해 줄 것입니다.  걱정 마시고 편안한 마음으로 상담받으시길 바랍니다.
"
"임신 정확한 주수는 모르겠지만 임신 상태야 상태에서 라미프릴 500mg짜리를 3일 동안 복용했어 먹었는데, 먹어야 할지 고민돼.","임신 중 라미프릴 복용은 태아에게 심각한 해를 끼칠 수 있으므로 절대 안됩니다. 특히 임신 후반기에 라미프릴을 복용하면 태아의 신장 발달에 문제를 일으켜 양수 과소증을 유발하고, 이로 인해 태아의 폐 발달 장애, 사지 기형, 두개골 기형 등이 발생할 수 있습니다. 또한 신생아 저혈압, 신부전, 고칼륨혈증 등의 위험도 있습니다.

라미프릴 500mg은 일반적인 용량보다 매우 높은 용량입니다.  복용을 즉시 중단하고, 현재 임신 사실을 알고 있는 담당 의사 또는 산부인과 전문의와 최대한 빨리 연락하여 상담하십시오. 의사는 임신 주수와 라미프릴 복용 기간을 고려하여 태아의 건강 상태를 평가하고 적절한 조치를 취할 것입니다.  초음파 검사 등을 통해 태아의 상태를 면밀히 관찰해야 할 수 있습니다.

**지금 당장 해야 할 일:**

1. **라미프릴 복용 즉시 중단:** 더 이상 라미프릴을 복용하지 마세요.
2. **의사에게 연락:** 담당 의사나 산부인과 전문의에게 즉시 연락하여 라미프릴 복용 사실과 임신 사실을 알리고 상담 받으세요. 최대한 빨리 연락하는 것이 중요합니다.
3. **솔직하게 말하기:** 의사에게 복용한 약의 용량과 기간을 정확하게 알려주세요.  숨기거나 축소하지 않고 솔직하게 말하는 것이 태아의 건강을 위해 중요합니다.
4. **지시 사항 따르기:** 의사의 지시 사항을 주의 깊게 듣고 따르세요.  추가 검사나 치료가 필요할 수 있습니다.

**절대로** 인터넷 검색이나 다른 사람의 조언에 의존하여 자가 치료를 시도하지 마세요. 임신 중 약물 복용은 반드시 전문의와 상의해야 합니다.  태아의 건강을 위해 신속하게 의사와 상담하는 것이 가장 중요합니다.
"
"임신 정확한 주수는 모르겠지만 임신 상태야 상태에서 엔알라프릴 100mg짜리를 3일 동안 복용했어 먹었는데, 복용하고 나서 부작용이 있을까 걱정돼.","임신 중 엔알라프릴 복용은 특히 임신 중기와 후기에 태아에게 심각한 해를 끼칠 수 있으므로 매우 위험합니다. 엔알라프릴은 ACE 억제제로, 태아의 신장 발달을 방해하고 양수량을 감소시켜 태아의 폐 발달, 사지 기형, 두개골 기형 등의 문제를 일으킬 수 있습니다. 심한 경우에는 사산이나 신생아 사망으로 이어질 수도 있습니다.

3일 동안 복용하셨다고 하셨는데, 복용을 즉시 중단하시고 최대한 빨리 산부인과 전문의와 상담하시는 것이 매우 중요합니다.  의사는 태아의 건강 상태를 확인하기 위해 초음파 검사 등 필요한 검사를 진행할 것입니다.  복용 기간이 짧다고 해서 안전하다는 보장은 없으므로, 전문의의 진찰을 받아 태아의 건강 상태를 확인하고 적절한 조치를 받으셔야 합니다.

걱정되시는 마음 충분히 이해합니다.  하지만 지금 가장 중요한 것은 앞으로 태아의 건강을 위해 전문의의 도움을 받는 것입니다. 주저하지 마시고 병원에 연락하세요.  드럭인포맘은 여러분을 응원합니다.
"
"임신 말기 상태에서 아시트레틴 500mg짜리를 반 알 먹었는데, 아기한테 문제가 없을까?","임신 중, 특히 임신 말기에 아시트레틴 복용은 **절대적으로 금기**입니다. 아시트레틴은 매우 강력한 테라토젠(기형 유발 물질)으로, 태아에게 심각한 기형을 유발할 수 있습니다.  복용량과 상관없이 기형 발생 위험이 매우 높습니다.

500mg의 반 알을 복용하셨다면 250mg을 복용하신 것인데, 이 역시 태아에게 매우 위험한 용량입니다.  즉시 산부인과 전문의와 상담하여 적절한 조치를 받으셔야 합니다.  의사는 태아의 상태를 정밀하게 검사하고, 가능한 모든 조치를 취할 것입니다.

다음과 같은 기형이 발생할 수 있습니다:

* **중추신경계 기형:**  무뇌증, 뇌수종 등
* **두개안면 기형:**  구순구개열, 소두증, 귀 기형 등
* **심혈관계 기형:**  심장 기형 등
* **골격계 기형:**  사지 기형, 척추 기형 등
* **기타 기형:**  흉선 저형성, 폐 저형성 등

**지금 당장 해야 할 일:**

1. **즉시 산부인과 전문의에게 연락하십시오.**  상황을 자세히 설명하고, 진료 예약을 잡으세요.
2. **복용한 약의 정보를 기록해 두세요.**  약 이름, 용량, 복용 시간 등을 정확하게 기록하여 의사에게 알려주세요.
3. **추가적인 아시트레틴 복용을 절대 하지 마세요.**

**절대 안일하게 생각하지 마시고, 최대한 빨리 의사의 진찰을 받는 것이 중요합니다.** 태아의 건강을 위해 신속한 조치가 필요합니다.
"
"나 아직 초기라 정확하지 않아인데, 도큐세이트+비사코딜 100mg짜리를 1알 먹었어. 의사한테 상담을 받아야 할까?","도큐세이트와 비사코딜이 복합된 약을 복용하셨군요. 변비 증상 완화를 위해 복용하신 것으로 이해합니다. 하지만 약 복용 후 불편함을 느끼거나 걱정되는 부분이 있다면 의사나 약사와 상담하는 것이 가장 좋습니다. 특히, 다음과 같은 경우에는 꼭 의사의 진료를 받으시길 권합니다.

* **복용량을 초과했거나, 권장 복용 기간보다 오래 복용한 경우:** 비사코딜은 장기간 복용 시 의존성을 유발할 수 있고, 전해질 불균형 등의 부작용이 발생할 수 있습니다.
* **심한 복통, 복부 팽만, 혈변, 구토 등의 증상이 나타나는 경우:** 이는 약물 부작용이나 다른 질환의 징후일 수 있습니다.
* **임신 중이거나 수유 중인 경우:** 임신 또는 수유 중 약물 복용은 태아 또는 아기에게 영향을 미칠 수 있으므로 의사와 상담 후 복용해야 합니다.
* **다른 질환을 앓고 있거나 다른 약물을 복용 중인 경우:** 약물 상호작용이 발생할 수 있으므로 의사에게 현재 복용 중인 모든 약물과 건강 상태에 대해 알려야 합니다.
* **효과가 없거나 증상이 악화되는 경우:** 변비의 원인이 다른 질환일 수 있으므로 정확한 진단과 치료가 필요합니다.

100mg은 비사코딜의 일반적인 용량이지만, 개인의 상태에 따라 적절한 용량이 다를 수 있습니다. 따라서, 비록 한 알을 복용했더라도 위에 언급된 경우에 해당하거나 걱정되는 부분이 있다면 주저하지 말고 의사나 약사와 상담하여 안전하게 약을 복용하시기 바랍니다.  단순히 약에 대한 궁금증이나 복용 후 불안감을 해소하고 싶은 경우에도 약사와 상담하는 것이 도움이 될 수 있습니다.

또한, 변비 예방을 위해서는 충분한 수분 섭취, 규칙적인 운동, 식이섬유가 풍부한 음식 섭취 등 생활 습관 개선을 병행하는 것이 중요합니다.
"
"나 13주 지난 상태인데인데, 세티리진 200mg짜리를 3일 동안 복용했어 먹었어. 복용해도 괜찮을까?",임신 13주차이고 3일 동안 세티리진 200mg을 복용했다고 말씀하셨습니다. 권장량보다 높은 세티리진을 복용하셨는지 명확히 해야 합니다. 일반적인 세티리진 용량은 하루에 10mg입니다. 임신 중 세티리진 사용에 대한 안전성에 관한 이용 가능한 정보가 제한적입니다. 세티리진을 계속 복용하기 전에 의료 서비스 제공자와 상담하여 임신 중 세티리진 사용의 잠재적 위험과 이점을 논의하는 것이 가장 좋습니다. 그들은 귀하의 특정 상황에 맞는 개인화된 조언을 제공할 수 있을 것입니다.
"나 아직 초기라 정확하지 않아인데, 이부프로펜 200mg짜리를 반 알 먹었어. 나 지금 너무 아파서 필요할 것 같은데 괜찮아?",제가 의료 전문가가 아니기 때문에 의학적 조언을 드릴 수 없습니다. 이부프로펜 복용량에 대해 질문이 있으면 의사나 약사와 상담하는 것이 좋습니다. 이러한 전문가는 귀하의 병력 및 기타 약물을 고려하여 복용량에 대한 맞춤 조언을 제공할 수 있습니다. 자가 치료를 시도하기 전에 의료 전문가의 지시를 따르는 것이 중요합니다.
"임신 13주 지난 상태인데 상태에서 아세타졸아마이드 200mg짜리를 2알 먹었는데, 의사한테 상담을 받아야 할까?","임신 13주차에 아세타졸라마이드 200mg 2정(총 400mg)을 복용하셨다니 걱정되시는 마음 충분히 이해합니다.  **반드시 의사 또는 담당 산부인과 전문의와 상담하시는 것이 중요합니다.**

아세타졸라마이드는 임신 중에 태아에게 미치는 영향이 완전히 밝혀지지 않았으며, 특히 임신 초기에는 더욱 주의가 필요합니다.  동물 실험에서는 고용량의 아세타졸라마이드가 태아 기형을 유발할 수 있다는 보고가 있습니다.  비록 이러한 결과가 인간에게도 동일하게 적용되는지는 확실하지 않지만, 안전을 위해 전문가의 상담을 받는 것이 최선입니다.

의사와 상담 시에는 다음 정보를 제공하는 것이 도움이 됩니다.

* **복용한 약의 정확한 이름과 용량:** 아세타졸라마이드 200mg 2정
* **복용 시기:** 언제 약을 복용했는지 정확하게 알려주세요.
* **복용 이유:** 왜 아세타졸라마이드를 복용했는지 설명해주세요. (처방전 없이 복용했다면 그 사실도 알려주세요.)
* **현재 겪고 있는 증상:** 복용 후 특이한 증상이 있는지 알려주세요.

의사는 임신 주수, 복용량, 복용 이유 등을 종합적으로 고려하여 적절한 조치를 안내해 줄 것입니다.  **절대로 자의적으로 판단하여 약물 복용을 중단하거나 다른 약물을 복용하지 마세요.**  전문가의 지시에 따라야 안전하게 임신을 유지할 수 있습니다.

다시 한번 강조하지만, 임신 중 약물 복용은 매우 신중해야 합니다.  걱정되는 부분이 있다면 주저하지 말고 의사와 상담하세요.
"
"임신 중기 상태에서 베타히스틴 100mg짜리를 2알 먹었는데, 내가 먹어도 안전한지 알려줘.","드럭인포맘: 임신 중기에 베타히스틴 100mg을 2정 복용하신다니 걱정되시는 마음 충분히 이해합니다. 임신 중 약물 복용은 매우 신중해야 하며, 특히 베타히스틴은 임신 중 안전성에 대한 충분한 연구가 부족한 약물입니다. 따라서 베타히스틴 복용의 잠재적 이점과 위험을 평가하기 위해서는 담당 의사 또는 산부인과 전문의와 상담하는 것이 절대적으로 중요합니다.

**의사와 상담 시 다음과 같은 정보를 제공하는 것이 도움이 됩니다.**

* **베타히스틴 복용 이유:** 어떤 증상 때문에 베타히스틴을 복용하게 되었는지, 메니에르병과 같은 특정 질환 때문인지 설명해주세요.
* **복용량 및 기간:** 현재 복용 중인 다른 약물을 포함하여 베타히스틴의 복용량과 복용 기간을 정확하게 알려주세요.
* **전반적인 건강 상태:** 임신 관련 합병증을 포함하여 현재 건강 상태에 대해 자세히 설명해주세요.

의사는 본인의 건강 상태와 임신 주수를 고려하여 베타히스틴 복용의 안전성과 필요성을 판단하고, 필요한 경우 대체 치료법을 제시할 수 있습니다.  절대로 임의로 약물 복용을 중단하거나 변경하지 마십시오.

**참고:** 저는 의료 전문가가 아니므로 의학적 조언을 제공할 수 없습니다. 위의 정보는 일반적인 지침이며 의사의 진단과 처방을 대체할 수 없습니다.  임신 중 약물 복용에 대한 모든 결정은 반드시 의사와 상담 후에 이루어져야 합니다.
"
"나 아직 초기라 정확하지 않아인데, 도큐세이트+비사코딜 500mg짜리를 3일 동안 복용했어 먹었어. 태아한테 영향이 있을까?","임신 초기 도큐세이트+비사코딜 500mg을 3일 동안 복용하셨다니 걱정되시는 마음 충분히 이해합니다. 하지만 저는 의료 전문가가 아니기 때문에 태아에게 미치는 영향에 대해 직접적인 답변을 드릴 수 없습니다.

**반드시 담당 산부인과 의사 또는 약사와 상담하셔서 정확한 정보를 얻으시는 것이 중요합니다.**  복용한 약물, 복용량, 임신 주수 등을 정확하게 알려주시고 태아에게 미칠 수 있는 잠재적 위험에 대해 상의하세요.

일반적으로 임신 초기에는 태아의 기관 형성이 중요한 시기이기 때문에 약물 복용에 더욱 신중해야 합니다.  의사는 당신의 상황을 정확히 파악하고, 필요한 경우 추가 검사를 통해 태아의 건강 상태를 확인할 수 있습니다.  

인터넷 검색을 통해 얻는 정보는 일반적인 내용일 뿐이며, 개인의 상황에 맞는 정확한 조언을 대신할 수 없습니다.  따라서 전문가와의 상담을 통해 안전하고 건강한 임신 기간을 보내시기 바랍니다.
"
"나 후기인데, 도큐세이트+비사코딜 100mg짜리를 2알 먹었어. 의사한테 상담을 받아야 할까?","후기 변비로 고생하시고 도큐세이트와 비사코딜 100mg 2정을 복용하셨군요.  걱정되는 마음 충분히 이해합니다. 하지만 의료적인 조언은 의사나 약사에게 직접 받으셔야 합니다. 저는 의료 전문가가 아니기 때문에 의학적인 상담을 해드릴 수 없습니다.

다만, 일반적인 정보로 말씀드리자면, 비사코딜은 일반적으로 변비 치료에 사용되는 약물입니다. 하지만 권장 복용량을 초과하여 복용하거나 장기간 복용할 경우에는 부작용이 발생할 수 있습니다.  복통, 설사, 탈수, 전해질 불균형 등이 발생할 수 있으며, 장기간 사용시에는 의존성이 생길 수도 있습니다.  도큐세이트는 변을 부드럽게 해주는 역할을 하지만, 비사코딜과 함께 복용할 경우 효과와 부작용에 대한 정보는 의사나 약사와 상의하시는 것이 좋습니다.

**지금 바로 의사나 약사와 상담하시길 강력히 권장합니다.** 특히 다음과 같은 증상이 나타난다면 즉시 병원에 방문하십시오.

* 심한 복통
* 혈변
* 구토
* 어지러움 또는 혼란
* 탈수 증상 (심한 갈증, 소변량 감소, 입 마름 등)

본인의 건강 상태에 대한 가장 정확한 판단과 조언은 의료 전문가만이 할 수 있습니다. 인터넷 정보에 의존하지 마시고, 전문가의 도움을 받아 안전하게 변비 문제를 해결하시길 바랍니다.
"
"나 지금 7주차야인데, 비사코딜 200mg짜리를 1알 먹었어. 복용해도 괜찮을까?","약에 대한 구체적인 조언은 의사나 약사에게 받는 것이 중요하므로 임신 7주차에 비사코딜 200mg을 복용해도 괜찮은지 말씀드릴 수 없습니다.  일반적으로 비사코딜은 임신 중 특히 초기에는 권장되지 않지만, 의사의 판단에 따라 처방되는 경우도 있습니다.  

따라서 **가장 먼저 담당 의사나 산부인과에 연락하여 상황을 설명하고 지시를 따르는 것이 중요합니다.**  의사는 당신의 건강 상태와 임신 주수를 고려하여 안전한 해결책을 제시해 줄 것입니다.

**의사와 연락하기 전까지는 다른 약물을 복용하지 않는 것이 좋습니다.**

또한, 변비 해결을 위해 약물에 의존하기보다는 다음과 같은 방법을 시도해 보는 것이 좋습니다. 이러한 방법들이 변비 해소에 도움이 될 수 있으며, 임신 중에도 비교적 안전합니다.

* **수분 섭취 늘리기:** 물, 주스 등을 충분히 마시는 것이 중요합니다.
* **식이섬유 섭취 늘리기:** 과일, 채소, 통곡물 등 섬유질이 풍부한 음식을 섭취하십시오.
* **규칙적인 운동:** 가벼운 산책이나 임산부를 위한 운동을 규칙적으로 하십시오. 의사와 상의하여 적절한 운동을 선택하십시오.
* **프룬 섭취:** 프룬은 변비 해소에 도움이 되는 것으로 알려져 있습니다.


**다시 한 번 강조하지만, 비사코딜 복용에 대한 우려 사항이 있다면 의사와 상담하는 것이 가장 중요합니다.** 자가 치료는 위험할 수 있으며, 의사의 전문적인 조언을 받는 것이 당신과 아기의 건강을 위해 가장 안전한 방법입니다.
"
"나 임신 사실을 이제 막 알았어인데, 도큐세이트+비사코딜 200mg짜리를 한 번만 먹었어 먹었어. 복용하고 나서 부작용이 있을까 걱정돼.","드럭인포맘입니다. 임신 사실을 알게 되신 것을 축하드립니다! 임신 중 변비로 불편함을 겪고 계시는군요. 도큐세이트+비사코딜 200mg을 한 번 복용하셨는데 부작용이 걱정되신다고 하셨습니다.

우선 안심시켜드리자면, 도큐세이트+비사코딜을 한 번 복용한 것으로 태아에게 심각한 영향을 미칠 가능성은 낮습니다. 도큐세이트는 변을 부드럽게 하는 연화제이고, 비사코딜은 장 운동을 촉진하는 자극성 완하제입니다.  일반적으로 단기간, 저용량 사용은 임신 중에도 비교적 안전하다고 알려져 있습니다.

하지만 임신 중에는 어떤 약물이든 의사나 약사와 상의 없이 복용하는 것은 권장되지 않습니다. 특히 비사코딜과 같은 자극성 완하제는 장기간 또는 고용량 복용 시 자궁 수축을 유발할 가능성이 있으므로 주의해야 합니다.

따라서 앞으로 변비 증상이 계속되거나 악화된다면, 반드시 산부인과 전문의 또는 담당 의사와 상담하여 안전한 변비 치료 방법을 찾으시는 것이 중요합니다. 의사는 임신 주수와 건강 상태를 고려하여 적절한 약물이나 생활습관 개선 방법을 권해줄 것입니다.

다음은 임신 중 변비 완화에 도움이 되는 몇 가지 팁입니다:

* **수분 섭취:** 충분한 양의 물을 마시는 것이 중요합니다.
* **식이섬유 섭취:** 과일, 채소, 통곡물 등 식이섬유가 풍부한 음식을 섭취하세요.
* **규칙적인 운동:** 가벼운 산책이나 임산부 요가 등 규칙적인 운동을 하세요. (의사와 상의 후 진행)
* **프룬 주스:** 변비 완화에 도움이 될 수 있습니다. (과다 섭취는 설사를 유발할 수 있으므로 주의)

걱정되는 부분이 있으면 언제든지 의료 전문가와 상담하세요. 건강한 임신 기간을 보내시길 바랍니다.
"
"나 임신 6개월차인데, 로라타딘 500mg짜리를 1알 먹었어. 먹어야 할지 고민돼.","임신 6개월 차에 로라타딘 500mg을 복용하셨다고 하셨는데, 이는 **매우 위험한 용량**입니다. 일반적인 로라타딘 성인 용량은 **10mg**이며, 하루 최대 용량도 20mg을 넘지 않습니다. 500mg은 권장량의 50배에 해당하는 과다 복용이며, 심각한 부작용을 초래할 수 있습니다.

**지금 당장 해야 할 일:**

1. **즉시 가까운 병원 응급실로 가거나, 응급 의료 서비스(119)에 연락하세요.** 임신 중 과다 복용은 산모와 태아 모두에게 위험할 수 있습니다. 지체 없이 의료진의 도움을 받는 것이 가장 중요합니다.
2. **복용한 약의 이름과 용량, 복용 시간을 정확하게 의료진에게 알려주세요.** 빠르고 정확한 처치를 위해 필요한 정보입니다.
3. **만약 구토나 어지럼증, 심장 두근거림 등의 이상 증상이 나타나면 즉시 의료진에게 알려주세요.**

**추가적으로:**

* 약을 복용하기 전에는 항상 의사나 약사와 상담하세요. 특히 임신 중에는 더욱 주의해야 합니다.
* 임신 중에는 일반의약품이라도 함의 용량과 복용법을 반드시 확인하고, 의사나 약사의 지시에 따라 복용해야 합니다.
* 약을 보관할 때는 어린이의 손이 닿지 않는 곳에 안전하게 보관하세요.

**절대로 임의로 약을 복용하거나 용량을 변경하지 마세요.** 특히 임신 중에는 태아에게 영향을 미칠 수 있으므로 더욱 신중해야 합니다.  건강에 이상이 있다면 주저하지 말고 의료 전문가의 도움을 받으세요.
"
"임신 9개월차인데 상태에서 플루옥세틴 500mg짜리를 반 알 먹었는데, 내가 먹어도 안전한지 알려줘.","임신 9개월 차에 복용하는 플루옥세틴 500mg 용량은 매우 높으며 위험할 수 있습니다. 플루옥세틴의 전형적인 용량은 하루 20~80mg입니다. 500mg을 복용하면 심각한 부작용이 발생할 수 있습니다.

플루옥세틴을 복용한 후 아기가 위험한 상태라면 즉시 응급 의료를 받으십시오. 또한 의사 또는 기타 의료 제공자에게 문의하여 임신 중에 플루옥세틴을 복용할지에 대한 조언을 받으십시오. 그들은 당신과 당신의 아기에게 가장 안전한 치료 과정을 결정하는 데 도움을 줄 수 있습니다.

임신 중에 정신 건강 문제로 어려움을 겪고 있다면 혼자가 아닙니다. 많은 리소스가 도움을 드릴 수 있습니다. 산후 지원 인터내셔널(PSI) 핫라인(1-800-944-4773)에 전화하거나 웹사이트(www.postpartum.net)를 방문하여 추가 정보를 얻을 수 있습니다."
"임신 초기 상태에서 엔알라프릴 500mg짜리를 반 알 먹었는데, 태아한테 영향이 있을까?","임신 초기 엔날라프릴 복용은 태아에게 심각한 위험을 초래할 수 있습니다. 엔날라프릴은 ACE 억제제로, 태아의 신장 발달에 부정적인 영향을 미치고 저혈압, 신부전, 양수 감소증, 두개골 발달 이상 등을 유발할 수 있습니다.  500mg 용량은 일반적인 용량보다 훨씬 높으며, 반 알을 복용했더라도 태아에게 위험할 수 있습니다.

**지금 당장 해야 할 일:**

* **즉시 의사 또는 산부인과 전문의에게 연락하십시오.**  복용한 약과 용량, 복용 시간 등을 정확하게 알려주세요. 의사의 지시를 따르는 것이 매우 중요합니다.
* **드럭인포맘(1-866-626-6847)**과 같은 기관에 연락하여 전문가의 상담을 받으세요. 한국에서는 **한국마더세이프전문상담센터 (1588-7309)** 로 문의하십시오.

**중요한 점:**

* 엔날라프릴은 임신 중, 특히 임신 중기 및 후기에 절대 복용해서는 안 되는 약물입니다.  임신을 계획 중이거나 임신 가능성이 있는 경우, 엔날라프릴 복용을 중단하고 의사와 상의하여 다른 약물로 대체해야 합니다.
* 인터넷에서 얻은 정보는 의사의 진료를 대체할 수 없습니다. 반드시 의료 전문가의 도움을 받으세요.

**추가 정보:**

* 태아에게 미치는 영향은 복용 시기, 용량, 개인적인 요인 등에 따라 다를 수 있습니다.
* 의사는 초음파 검사 등을 통해 태아의 상태를 확인할 수 있습니다.

**다시 한 번 강조합니다.  지금 바로 의사 또는 관련 기관에 연락하여 전문적인 도움을 받으세요. 시간이 매우 중요합니다.**
"
"나 아직 초기라 정확하지 않아인데, 세티리진 200mg짜리를 3일 동안 복용했어 먹었어. 의사한테 상담을 받아야 할까?","세티리진 일반적인 복용량은 하루 한 번 10mg입니다. 200mg은 권장량의 20배이며, 심각한 과다 복용으로 간주됩니다. 졸음, 혼란, 빠른 심박수, 불안정 등의 증상이 나타날 수 있습니다. 즉시 의사나 지역 응급 서비스에 연락하여 의학적 도움을 받으세요.  심각한 부작용이 발생할 수 있으므로 지체하지 마세요.  119에 전화하거나 가까운 응급실로 가세요.
"
"임신 임신 사실을 이제 막 알았어 상태에서 이부프로펜 200mg짜리를 1알 먹었는데, 아기한테 문제가 없을까?","임신 사실을 알게 된 것을 축하드립니다! 이부프로펜 200mg 한 알 복용에 대해 걱정하시는 것이 당연합니다. 하지만 너무 걱정하지 마세요. 일반적으로 임신 초기에 이부프로펜 200mg 일회 복용은 태아에게 큰 위험을 초래하지 않는 것으로 알려져 있습니다.

그러나 임신 중에는 약물 복용에 특히 주의해야 합니다. 앞으로는 이부프로펜을 포함한 모든 약물 복용 전에 의사 또는 약사와 상담하는 것이 가장 안전합니다. 특히 임신 후기(29주 이후)에는 이부프로펜 복용을 피해야 합니다. 태아의 심혈관계에 문제를 일으킬 수 있기 때문입니다.

지금 복용한 한 알에 대해서는 크게 걱정하지 않으셔도 되지만, 앞으로는 안전을 위해 의료 전문가와 상담 후 필요한 경우 아세트아미노펜과 같은 다른 진통제를 복용하는 것이 좋습니다.  

**다음은 꼭 기억해야 할 사항입니다.**

* **의사나 약사와 상담:** 임신 중 어떤 약물이든 복용하기 전에 항상 의사나 약사와 상담하십시오.
* **자가 치료 피하기:**  임신 중에는 자가 치료를 피하고 의료 전문가의 지시를 따르는 것이 중요합니다.
* **아세트아미노펜:** 일반적으로 임신 중에 안전하게 복용할 수 있는 진통제로 알려져 있지만, 권장 복용량을 준수해야 합니다.


걱정이 된다면 의사나 약사에게 연락하여 안심을 얻는 것이 가장 좋습니다.  건강한 임신 기간을 보내시길 바랍니다.
"
"임신 이제 20주가 되었어 상태에서 리튬 500mg짜리를 1알 먹었는데, 아기한테 문제가 없을까?","임신 20주차에 리튬 500mg을 한 알 복용하셨다니 걱정되시는 마음 충분히 이해합니다. 하지만 이곳에서는 의학적인 조언을 드릴 수 없습니다.  **반드시 담당 의사나 산부인과 전문의에게 연락하여 상담하셔야 합니다.**

리튬은 태아에게 심장 기형을 유발할 위험이 있는 약물로 알려져 있기 때문에, 임신 중 복용은 신중해야 합니다. 전문의는 산모의 상태와 태아의 건강을 고려하여 리튬 복용의 필요성과 위험성을 평가하고, 적절한 조치를 취해줄 것입니다.

**지금 바로 의사에게 연락하여 상황을 설명하고 지시를 따르는 것이 가장 중요합니다.**  인터넷 검색이나 다른 사람들의 경험담에 의존하지 마시고, 전문적인 의료진의 도움을 받으세요.  아기와 산모의 건강을 위해 즉시 연락하시길 권장합니다.
"
"나 임신 사실을 이제 막 알았어인데, 차전자피 100mg짜리를 한 번만 먹었어 먹었어. 복용해도 괜찮을까?","사용자: 임신 사실을 방금 알았고, 차전자피 100mg을 한 번 복용했습니다. 괜찮을까요?

Drugsinpregnacy.org:

축하합니다! 임신 초기에 차전자피 100mg을 한 번 복용한 것은 태아에게 해를 끼치지 않을 가능성이 높습니다. 차전자피는 변비 치료에 사용되는 부피 형성 완하제입니다. 임신 중에 일반적으로 안전하다고 간주됩니다.

하지만 임신 중에 복용하는 모든 약물에 대해 의사나 조산사에게 알려주는 것이 좋습니다. 그들은 귀하의 특정 상황에 대해 최상의 조언을 제공할 수 있습니다.

다음은 임신 중 차전자피 사용에 대한 몇 가지 추가 정보입니다.

* 차전자피는 수분을 흡수하여 대변을 부풀립니다. 이렇게 하면 배변이 더 쉬워집니다.
* 차전자피는 변비와 치질 증상을 완화하는 데 도움이 될 수 있습니다.
* 차전자피는 또한 혈당 및 콜레스테롤 수치를 낮추는 데 도움이 될 수 있습니다.
* 차전자피는 일반적으로 잘 견뎌집니다. 하지만 bloating, gas, abdominal cramps와 같은 부작용을 일으킬 수 있습니다.
* 차전자피를 다른 약과 함께 복용하는 경우 주의해야 합니다. 특정 약물의 흡수를 방해할 수 있습니다.
* 차전자피를 복용할 때는 충분한 양의 물을 마시는 것이 중요합니다. 이렇게 하면 변비와 부작용을 예방하는 데 도움이 됩니다.

임신 중 차전자피 사용에 대한 우려 사항이 있는 경우 의사나 약사와 상담하십시오."
"임신 이제 20주가 되었어 상태에서 아세타졸아마이드 100mg짜리를 1알 먹었는데, 아기한테 문제가 없을까?","임신 20주차에 아세타졸아마이드 100mg을 한 알 복용하셨다는 말씀이시군요. 태아에게 미칠 영향에 대해 걱정되시는 마음 충분히 이해합니다.  안타깝게도 저는 의료 전문가가 아니기 때문에 의학적인 조언을 드릴 수 없습니다. 

**가장 중요한 것은 지금 바로 담당 의사나 산부인과에 연락하여 상황을 설명하고 전문적인 상담을 받는 것입니다.**  복용한 약, 복용량, 복용 시기 등을 정확하게 알려주시는 것이 중요합니다. 의사는 임신 주수와 현재 건강 상태를 고려하여 태아에게 미칠 수 있는 위험성을 평가하고 적절한 조치를 취할 수 있도록 도와줄 것입니다.

아세타졸아마이드는 임신 중 사용에 대한 안전성이 완전히 확립되지 않았으며, 동물 실험에서 기형 발생 가능성이 보고된 바 있습니다. 따라서 임의로 복용을 중단하거나 추가 복용을 결정하지 마시고, 반드시 의사의 지시를 따라야 합니다.

인터넷 검색을 통해 정보를 얻는 것도 도움이 될 수 있지만, 전문적인 의료 상담을 대체할 수는 없습니다.  **의사와의 상담만이 정확하고 안전한 정보를 얻을 수 있는 가장 확실한 방법입니다.**

걱정되시는 마음 충분히 이해하며, 빠른 시일 내에 의사와 연락하시기를 강력히 권고드립니다.  건강한 임신 기간을 보내시기를 바랍니다.
"
"임신 임신 사실을 이제 막 알았어 상태에서 라타노프로스트 500mg짜리를 반 알 먹었는데, 아기한테 문제가 없을까?","라타노프로스트는 일반적으로 녹내장이나 안압 상승 치료에 사용되는 점안액입니다.  경구용 500mg 라타노프로스트는 존재하지 않습니다. 아마도 다른 약물을 복용하신 것 같습니다.  **절대로 임의로 약물 복용을 중단하거나 변경해서는 안됩니다.**

임신 초기는 태아 발달에 매우 중요한 시기이므로, 어떤 약물이든 의사나 약사와 상의 없이 복용하는 것은 위험할 수 있습니다.  복용하신 약물의 정확한 이름과 용량을 확인하고, **가능한 한 빨리 산부인과 전문의 또는 담당 의사에게 연락하여 상담**하십시오.  의사는 약물의 종류와 복용량, 임신 주수 등을 고려하여 태아에게 미칠 수 있는 잠재적 위험을 평가하고 적절한 조치를 취할 것입니다.

**다음 정보를 의사에게 제공하면 도움이 됩니다.**

* 복용한 약물의 정확한 이름 (처방전이나 약병을 확인하세요)
* 복용한 약의 용량 및 복용 시점
* 마지막 생리 시작일
* 현재 복용 중인 다른 약물이나 건강 보조 식품

**드럭인포맘은 의학적 조언을 제공할 수 없습니다.** 이 정보는 단지 참고용이며 전문 의료인의 상담을 대체할 수 없습니다.  반드시 의사와 상담하여 정확한 진단과 치료를 받으시기 바랍니다.
"
"나 34주야인데, 세티리진 200mg짜리를 반 알 먹었어. 먹어야 할지 고민돼.","세티리진 200mg은 매우 높은 용량입니다. 일반적으로 성인에게 권장되는 세티리진의 일일 최대 용량은 10mg입니다.  임신 중이시라면 특히 더 주의해야 합니다.

**절대로 의사나 약사와 상담 없이 권장 용량을 초과해서는 안 됩니다.** 이미 반 알(100mg)을 복용하셨고 걱정되신다면, **즉시 의사나 약사에게 연락하여 조언을 구하십시오.**  그들은 당신의 상황에 맞는 최선의 조치를 알려줄 것입니다.  

**다음과 같은 증상이 나타나면 즉시 응급 의료 서비스(119)에 연락하십시오.**

* 호흡 곤란
* 얼굴, 입술, 혀 또는 목의 부기
* 현기증이나 실신
* 빠른 심박수
* 발작


임신 중에는 약물 복용에 특히 주의해야 합니다.  다음에 알레르기 증상이 나타나면 먼저 의사나 약사와 상담하여 임신 중에 안전하게 복용할 수 있는 약물에 대해 문의하십시오. 자가 치료는 위험할 수 있습니다.
"
"임신 9개월차인데 상태에서 이소트레티노인 100mg짜리를 반 알 먹었는데, 나 지금 너무 아파서 필요할 것 같은데 괜찮아?",임신 9개월에 이소트레티노인 100mg을 반 알 복용했다는 사실이 걱정됩니다. 이소트레티노인은 심각한 선천적 결손을 일으킬 수 있기 때문에 임신 중에 복용하면 안 되는 약물입니다. 태아에게 미칠 수 있는 위험 때문에 이소트레티노인 복용 후 가능한 한 빨리 의사나 기타 의료 전문가와 상담해야 합니다. 그들은 귀하의 특정 상황을 평가하고 필요한 모든 지침이나 지원을 제공할 수 있습니다. 이러한 상황에서 전문적인 의료 조언을 구하는 것이 매우 중요합니다.
"나 말기인데, 클로르페니라민 200mg짜리를 한 번만 먹었어 먹었어. 나 지금 너무 아파서 필요할 것 같은데 괜찮아?","괜찮지 않아요. 클로르페니라민 200mg은 한 번 복용량으로 매우 높은 복용량이며, 치명적인 결과를 초래할 수도 있습니다. 의사의 지시 없이는 절대 클로르페니라민을 복용해서는 안 됩니다. 말기 환자라면 지금 의료 전문가와 상담하는 것이 특히 중요합니다. 그들이 귀하의 특별한 상황에 맞는 최선의 치료 과정을 결정하는 데 도움을 줄 수 있습니다.

클로르페니라민은 항히스타민제로 알레르기 증상을 완화하는 데 사용됩니다. 졸음, 구강 건조, 시력 흐림, 변비, 배뇨 장애 등의 부작용이 발생할 수 있습니다. 고용량에서는 클로르페니라민이 발작, 호흡기 문제 및 심장마비를 유발할 수 있습니다.

클로르페니라민 200mg을 복용했고 아프다면 즉시 응급 의료 지원을 받으세요.

제가 할 수 있는 다른 일이 있을까요?"
"나 후기인데, 클로르페니라민 200mg짜리를 반 알 먹었어. 태아한테 영향이 있을까?","드럭인포맘: 안녕하세요. 임신 후기에 클로르페니라민 200mg의 절반(100mg)을 복용하셨다고 하셨는데, 걱정되시는 마음 충분히 이해합니다.

태아에게 미치는 영향에 대해 확답을 드리기는 어렵습니다. 약물 복용과 태아への 영향은 복용량, 복용 시기, 개인의 체질 등 여러 요인에 따라 달라질 수 있기 때문입니다.

클로르페니라민은 임신 중 사용에 대한 안전성이 완전히 확립되어 있지 않으며, 특히 고용량이나 장기 복용은 권장되지 않습니다.  임신 후기에는 태아에게 영향을 미칠 가능성이 더욱 신중하게 고려되어야 합니다.

따라서 가장 좋은 방법은 **담당 의사나 산부인과 전문의와 상담**하는 것입니다.  복용하신 약의 용량과 시기, 그리고 현재 임신 주수 등을 정확하게 알려주시고 태아에게 미칠 수 있는 영향에 대해 자세히 문의하시는 것이 중요합니다.  전문가의 의견을 듣고 안심하시거나 필요한 조치를 취하시는 것이 가장 바람직합니다.

또한, 앞으로는 임신 중 약물 복용 전 반드시 의사나 약사와 상의하시길 권장합니다.  임신 중에는 일반의약품이라도 함부로 복용하지 않도록 주의해야 합니다.

걱정되시는 마음 충분히 이해하며, 빠른 시일 내에 전문의와 상담하시길 바랍니다.
"
"임신 임신 6개월차 상태에서 심바스타틴 200mg짜리를 2알 먹었는데, 먹어야 할지 고민돼.","심바스타틴은 임신 중 복용해서는 안 되는 약물입니다. 태아에게 심각한 해를 끼칠 수 있습니다. 임신 중이시거나 임신을 계획 중이시라면 심바스타틴 복용을 중단하고 즉시 의사나 약사와 상의하십시오. 이미 심바스타틴 200mg 2알을 복용하셨다면, 최대한 빨리 의사나 약사에게 연락하여 상담을 받으셔야 합니다.  담당 의사에게 현재 상황을 알리고 적절한 조치를 받으세요.

**다음 정보를 의사에게 알려주는 것이 중요합니다.**

* 복용한 심바스타틴의 정확한 용량 (200mg x 2알)
* 마지막으로 약을 복용한 시점
* 현재 임신 주수 (6개월)
* 다른 질병이나 복용 중인 약물이 있는지 여부


**절대로** 의사와 상의 없이 임의로 약물 복용을 중단하거나 변경하지 마십시오. 전문가의 지시를 따라야 안전합니다.  

**긴급한 상황이라면 119에 연락하거나 가까운 응급실로 가십시오.**

**추가적으로:**

심바스타틴과 같은 스타틴 계열 약물은 콜레스테롤 수치를 낮추는 데 사용되지만, 임신 중에는 태아의 정상적인 발달에 필요한 콜레스테롤 생성을 방해할 수 있습니다. 따라서 임신 중에는 스타틴 계열 약물 복용이 금기시됩니다.  의사는 임신 중 안전하게 사용할 수 있는 대체 치료법을 권장할 수 있습니다.
"
"나 말기인데, 도큐세이트+비사코딜 200mg짜리를 2알 먹었어. 혹시 대체할 수 있는 약이 있을까?","드럭인포맘입니다. 말기 환자분께서 변비로 인해 도큐세이트+비사코딜 200mg 2정을 복용하셨다고 하셨는데, 이는 권장 용량을 초과한 복용입니다.  과다 복용으로 인한 부작용 발생 가능성이 있으므로, **즉시 의료진에게 연락하시는 것이 가장 중요합니다.**  119에 신고하거나 가까운 응급실로 가셔서 진료를 받으시기 바랍니다.

의료진과 상담 없이 다른 약물로 대체하는 것은 매우 위험할 수 있습니다. 특히 말기 환자의 경우, 기저 질환이나 복용 중인 다른 약물과의 상호작용을 고려해야 하므로, 전문가의 판단이 필수적입니다.

의료진은 환자분의 상태를 정확하게 파악하고, 현재 복용 중인 약물, 알레르기 등을 고려하여 적절한 치료법을 제시할 것입니다.  변비 완화를 위해 다음과 같은 방법을 권장할 수 있습니다:

* **변비약 조정:**  도큐세이트+비사코딜의 용량 조절 또는 다른 종류의 변비약(예: 폴리에틸렌글리콜, 락툴로오스, 마그네슘 제제 등)으로 변경
* **좌약 또는 관장:**  경우에 따라 좌약이나 관장을 통해 변을 배출시키는 방법을 사용할 수 있습니다.
* **식이요법 및 생활습관 개선:**  수분 섭취량 증가, 섬유질이 풍부한 음식 섭취, 규칙적인 운동 등 변비 예방 및 완화에 도움이 되는 생활습관을 지도받을 수 있습니다.

다시 한번 강조하지만, **지금 가장 중요한 것은 의료진과 연락하는 것입니다.**  절대로 혼자서 약물을 변경하거나 임의로 다른 약을 복용하지 마십시오.  빠른 시일 내에 의료진의 도움을 받으시길 바랍니다.
"
"임신 이제 20주가 되었어 상태에서 아시트레틴 500mg짜리를 한 번만 먹었어 먹었는데, 아기한테 문제가 없을까?","아시트레틴은 임신 중에 절대 복용해서는 안 되는 매우 위험한 약물입니다. 특히 임신 초기와 임신 20주차에도 기형 유발 위험이 극도로 높습니다. 단 한 번 복용했더라도 태아에게 심각한 기형을 유발할 수 있습니다.  아시트레틴은 비타민 A의 유도체로,  태아의 중추신경계, 심장, 얼굴, 팔다리 등의 발달에 심각한 영향을 미칠 수 있습니다.

**지금 당장 해야 할 일:**

* **즉시 산부인과 전문의에게 연락하십시오.**  복용 사실과 복용량, 복용 시기를 정확하게 알려주셔야 합니다. 의사는 태아의 상태를 평가하고 필요한 조치를 취할 것입니다.
* **약물 복용 후 시간이 얼마나 지났는지 기록해 두십시오.** 이 정보는 의사가 적절한 조치를 취하는 데 도움이 됩니다.
* **드럭인포맘(Drug InforMATION) 등의 정보 제공 기관에 문의하여 추가적인 정보를 얻으십시오.** (한국에서는 대한약사회, 식품의약품안전처 등에 문의할 수 있습니다.)


**아시트레틴 복용 후 임신을 계획하는 경우:**

아시트레틴은 체내에 오랫동안 남아있기 때문에 복용을 중단한 후에도 최소 2년 동안은 임신을 피해야 합니다.  피임에 대해서도 의사와 상담하는 것이 중요합니다.

**절대로 중요한 것은 지금 바로 산부인과 전문의와 상담하는 것입니다.**  시간을 지체하지 마시고 가능한 한 빨리 연락하여 전문적인 도움을 받으시기 바랍니다.  태아의 건강을 위해 신속한 조치가 매우 중요합니다.
"
"나 후기인데, 차전자피 500mg짜리를 3일 동안 복용했어 먹었어. 지금 너무 불안한데 괜찮을까?","차전자피 500mg을 3일 동안 복용하셨는데 불안감을 느끼신다니 걱정되시겠습니다. 차전자피는 일반적으로 변비 완화를 위해 사용되는 식이섬유 보충제입니다. 보통은 안전하지만, 복용량, 복용 방법, 개인의 건강 상태에 따라 부작용이 발생할 수 있습니다.

**차전자피 복용 시 발생할 수 있는 부작용은 다음과 같습니다:**

* **복부 팽만감, 가스, 복통:** 차전자피는 장내에서 수분을 흡수하여 팽창하기 때문에 이러한 증상이 나타날 수 있습니다. 충분한 물과 함께 섭취하지 않으면 증상이 악화될 수 있습니다.
* **알레르기 반응:** 드물지만, 차전자피에 알레르기 반응을 보이는 경우 두드러기, 가려움증, 호흡곤란 등의 증상이 나타날 수 있습니다. 이러한 증상이 나타나면 즉시 복용을 중단하고 의사와 상담해야 합니다.
* **장폐색:**  차전자피를 충분한 물과 함께 섭취하지 않거나, 장이 좁아진 사람의 경우 장폐색이 발생할 수 있습니다. 심한 복통, 구토, 변비 등의 증상이 나타나면 즉시 의사의 진료를 받아야 합니다.
* **약물 흡수 방해:** 차전자피는 일부 약물의 흡수를 방해할 수 있으므로, 다른 약물을 복용 중이라면 의사나 약사와 상담하는 것이 좋습니다.

**불안감은 차전자피의 직접적인 부작용으로 보고된 바는 드뭅니다.**  그러나 다음과 같은 가능성을 고려해볼 수 있습니다:

* **다른 원인에 의한 불안감:** 차전자피 복용과 무관하게 다른 원인으로 불안감을 느끼고 있을 가능성이 있습니다.
* **차전자피 복용으로 인한 소화 불량:** 복부 팽만감이나 복통 등의 소화 불량 증상이 불안감을 유발할 수 있습니다.
* **심리적 요인:** 차전자피 복용 후 발생할 수 있는 부작용에 대한 걱정이 불안감을 유발할 수 있습니다.

**지금 해야 할 일:**

* **충분한 물 섭취:** 차전자피는 충분한 물과 함께 섭취해야 부작용을 줄일 수 있습니다. 하루에 최소 2리터 이상의 물을 마시도록 노력하세요.
* **복용량 확인:**  권장 복용량을 초과하여 복용하지 않았는지 확인하세요.
* **증상 관찰:** 불안감 외 다른 증상이 있는지 살펴보고, 증상이 지속되거나 악화되면 복용을 중단하고 의사나 약사와 상담하세요.
* **의사/약사 상담:**  불안감이 심하거나 다른 증상이 동반되는 경우, 또는 차전자피 복용에 대해 궁금한 점이 있다면 의사나 약사와 상담하는 것이 가장 좋습니다.


**이 정보는 의학적 조언을 대체할 수 없습니다. 반드시 의료 전문가와 상담하여 정확한 진단과 치료를 받으시기 바랍니다.**
"
"임신 임신 사실을 이제 막 알았어 상태에서 이소트레티노인 200mg짜리를 2알 먹었는데, 나 지금 너무 아파서 필요할 것 같은데 괜찮아?","죄송합니다만, 저는 의사가 아니며 의학적 조언을 제공할 수 없습니다. 하지만 임신 중 이소트레티노인 사용에 대해 우려하고 있다면 임신에 심각한 기형을 유발할 수 있으므로 즉시 의사나 기타 의료 전문가에게 문의하는 것이 좋습니다. 귀하의 건강과 아기의 건강을 위해 의학적 조언을 위해 의료 전문가에게 문의하는 것이 중요합니다. MotherToBaby와 같이 임신 중 약물 사용에 대한 정보를 제공하는 조직도 이용할 수 있습니다."
"나 9개월차인데인데, 차전자피 200mg짜리를 3일 동안 복용했어 먹었어. 먹어야 할지 고민돼.","안녕하세요. 9개월 아기에게 차전자피를 먹이는 것에 대해 고민하고 계시는군요. 아기의 건강과 관련된 문제이므로, 섣불리 조언을 드리기보다는 **소아과 전문의와 상담하는 것이 가장 중요합니다.**

차전자피는 식이섬유의 일종으로 변비에 효과가 있지만, 9개월 아기에게는 적절하지 않을 수 있습니다. 아직 소화기관이 미숙한 아기에게 차전자피를 복용시키면 다음과 같은 부작용이 발생할 수 있습니다:

* **복부팽만감 및 복통:** 차전자피는 수분을 흡수하여 팽창하는 성질이 있기 때문에 아기에게 복부 불편감을 유발할 수 있습니다.
* **탈수:** 충분한 수분 섭취 없이 차전자피를 복용하면 오히려 탈수를 유발할 수 있습니다. 특히 9개월 아기는 탈수에 더욱 취약합니다.
* **영양소 흡수 방해:** 차전자피는 다른 영양소의 흡수를 방해할 수 있습니다. 성장이 중요한 시기인 아기에게는 영양 불균형을 초래할 위험이 있습니다.
* **알레르기 반응:** 드물지만 차전자피에 알레르기 반응을 보이는 아기들도 있습니다.

9개월 아기의 변비는 다양한 원인으로 발생할 수 있습니다. 이유식의 종류, 수유량, 수분 섭취량 등을 확인하고 필요에 따라 조절하는 것이 중요합니다.  변비가 지속되거나 심해질 경우, **반드시 소아과 전문의를 방문하여 정확한 원인을 파악하고 적절한 치료를 받아야 합니다.** 전문의는 아기의 상태에 맞는 안전하고 효과적인 변비 해결 방법을 제시해 줄 것입니다.

**절대로 인터넷 정보나 주변 사람들의 경험에 의존하여 임의로 약물을 복용시키지 마세요.** 아기의 건강을 위해서는 전문가의 도움을 받는 것이 가장 중요합니다.
"
"임신 말기 상태에서 라타노프로스트 100mg짜리를 반 알 먹었는데, 복용하고 나서 부작용이 있을까 걱정돼.","임신 말기에 라타노프로스트 100mg짜리 반 알을 복용하셨다고 하셨는데, 몇 가지 중요한 점을 확인해야 합니다. 우선 라타노프로스트는 일반적으로 안약 형태로 사용되며, 경구용으로 100mg 용량은 존재하지 않습니다. 아마도 용량 단위에 오류가 있거나 다른 약물을 복용하신 것 같습니다.  **정확한 약물명과 용량, 제형(알약, 안약 등)을 다시 한번 확인해 주세요.**

만약 라타노프로스트 **안약**을 *실수로* 경구 복용하셨다면, 용량 자체는 매우 적기 때문에 심각한 부작용이 발생할 가능성은 낮습니다. 하지만 임신 중, 특히 말기에는 어떤 약물이든 의사와 상의 없이 복용하는 것은 위험할 수 있습니다.

따라서 다음과 같은 조치를 취하시는 것이 좋습니다:

* **즉시 의사 또는 약사에게 연락하세요.**  복용한 약물의 정확한 정보를 알려주고, 임신 중이라는 사실을 명확히 전달해야 합니다.  그들은 당신의 상황에 맞는 구체적인 조언을 제공할 수 있습니다.
* **약의 포장지나 설명서를 보관하세요.**  의사나 약사와 상담할 때 도움이 될 수 있습니다.
* **증상을 관찰하세요.**  혹시라도 불편함, 메스꺼움, 구토, 어지러움 등의 증상이 나타나면 즉시 의료진에게 알리세요.

**절대로** 인터넷 검색이나 주변 사람들의 조언에 의존하여 자가 치료를 시도하지 마세요. 임신 중 약물 복용은 전문가의 지시에 따라야 안전합니다.


**다시 한 번 강조하지만, 가장 중요한 것은 의사 또는 약사와 직접 상담하는 것입니다.**  그들은 당신과 아기의 안전을 위해 최선의 조언을 제공할 것입니다.
"
"임신 9개월차인데 상태에서 디펜히드라민 100mg짜리를 1알 먹었는데, 태아한테 영향이 있을까?","임신 9개월차에 디펜히드라민 100mg을 복용하셨다니 걱정되시는 마음 충분히 이해합니다. 하지만 드럭인포맘은 의학적인 조언을 제공할 수 없습니다.

**반드시 담당 의사 또는 산부인과 전문의와 상담하시는 것이 가장 중요합니다.**  의사는 당신의 건강 상태와 임신 단계를 고려하여 복용한 약물이 태아에게 미칠 수 있는 잠재적 위험을 정확하게 평가할 수 있습니다.

디펜히드라민은 일반적으로 임신 중에 사용되는 항히스타민제이지만, 특히 임신 후기에 사용할 경우 태아에게 미치는 영향에 대한 연구는 제한적입니다. 따라서 전문가의 의견 없이 자 self-medicate 하는 것은 위험할 수 있습니다.

걱정되는 마음이 크시겠지만, 안심을 위해서라도 의사와 상담하여 정확한 정보를 얻고 필요한 조치를 취하시길 바랍니다.  의사는 당신의 상황에 맞는 적절한 조언과 안내를 제공해 줄 것입니다.  지금 바로 의사에게 연락하는 것이 가장 좋습니다.
"
"임신 임신 사실을 이제 막 알았어 상태에서 라미프릴 200mg짜리를 2알 먹었는데, 혹시 대체할 수 있는 약이 있을까?","임신 사실을 알게 된 직후 라미프릴 200mg 2알을 복용하셨다니 많이 걱정되시겠습니다. 라미프릴은 임신 중, 특히 임신 2기와 3기에 복용할 경우 태아에게 심각한 해를 끼칠 수 있는 약물입니다. 태아의 신장 발달에 문제를 일으켜 양수 과소증, 신장 기능 저하, 심지어 사산까지 이어질 수 있습니다.

**가장 먼저 해야 할 일은 담당 의사나 산부인과 전문의에게 즉시 연락하는 것입니다.**  복용한 약의 종류와 용량, 복용 시점을 정확하게 알려주셔야 합니다. 의사는 산모의 상태와 임신 주수를 고려하여 적절한 조치를 취할 것입니다.  자가진단이나 임의로 약물을 변경하거나 중단하는 것은 절대 안 됩니다.

**라미프릴 대체 약물:**

라미프릴 대체는 의사의 진찰 후 결정되어야 하지만, 임신 중 고혈압 관리에 일반적으로 사용되는 약물은 다음과 같습니다.

* **메틸도파:** 임신성 고혈압 치료에 오랫동안 사용되어 온 약물로, 비교적 안전한 것으로 알려져 있습니다.
* **라베탈롤:** 베타 차단제의 일종으로, 임신 중 고혈압 치료에 사용될 수 있습니다.
* **니페디핀 (서방형):** 칼슘 채널 차단제로, 임신 중 고혈압 관리에 사용될 수 있습니다. 단, 속효성 제제는 사용하지 않아야 합니다.

**다시 한번 강조하지만, 이러한 정보는 의학적 조언을 대체할 수 없습니다.** 반드시 의사와 상담하여 본인에게 맞는 적절한 치료를 받으셔야 합니다.  최대한 빨리 의사와 연락하여 상황을 설명하고 지시를 따르는 것이 가장 중요합니다.  걱정되는 마음 충분히 이해하지만, 전문가의 도움을 받는 것이 가장 안전하고 확실한 방법입니다.
"
"나 중기인데, 아세트아미노펜 500mg짜리를 3일 동안 복용했어 먹었어. 복용해도 괜찮을까?","아세트아미노펜 500mg을 3일 동안 복용하셨다고 하셨는데, 중기 임신 중이라는 점을 고려하여 답변드리겠습니다. 일반적으로 아세트아미노펜은 임신 중 두통, 발열, 통증 완화에 사용할 수 있는 비교적 안전한 약물로 알려져 있습니다. 하지만 어떤 약이든 의사나 약사와 상담 없이 장기간 복용하는 것은 권장하지 않습니다.

3일 동안 복용하셨다면, 몇 가지 사항을 확인해야 합니다.

* **복용량 준수:** 아세트아미노펜 500mg을 하루 최대 4000mg(8알)을 넘지 않도록 복용하셨는지 확인하세요.  권장 복용량과 간격을 지켜 복용하는 것이 중요합니다.
* **증상 지속:** 3일 동안 복용했음에도 불구하고 증상이 지속되거나 악화된다면, 반드시 의사와 상담해야 합니다.  단순한 통증이나 발열이 아닌 다른 질환일 가능성도 있기 때문입니다.
* **다른 약물 복용:** 다른 약물을 함께 복용하고 있다면, 약물 상호작용 가능성을 고려하여 의사나 약사와 상담하는 것이 중요합니다.
* **개인의 건강 상태:** 임신 중에는 개인의 건강 상태에 따라 약물의 영향이 다를 수 있습니다.  만약 특정 질환을 앓고 있거나 다른 건강상의 문제가 있다면, 의사와 상담 후 아세트아미노펜 복용 여부를 결정해야 합니다.

**결론적으로, 아세트아미노펜은 임신 중 복용 가능한 약물 중 하나지만, 안전을 위해 반드시 의사나 약사와 상담 후 복용하는 것이 좋습니다.  특히 3일 이상 복용이 필요한 경우, 또는 증상이 지속되거나 악화될 경우에는 반드시 의사의 진찰을 받으세요.**  자가진단은 위험할 수 있습니다.  산모와 태아의 건강을 위해 의료 전문가의 도움을 받으시길 바랍니다.
"
"나 중기인데, 세티리진 200mg짜리를 3일 동안 복용했어 먹었어. 혹시 대체할 수 있는 약이 있을까?","안녕하세요. 세티리진 200mg을 3일 동안 복용하셨다고 말씀하셨는데, 먼저 **하루 권장량인 10mg을 훨씬 초과한 용량을 복용하셨다는 점**이 매우 우려스럽습니다.  **즉시 복용을 중단하고 가까운 병원이나 약국에 방문하여 전문가와 상담하시는 것이 가장 중요합니다.** 과다 복용으로 인한 부작용이 발생할 수 있으므로 신속한 조치가 필요합니다.

세티리진 200mg은 일반적인 용량이 아니며, 처방전 없이 구매 가능한 일반의약품의 경우 1정당 10mg 함량입니다.  혹시 고용량의 세티리진을 처방받으셨다면, 담당 의사의 지시를 따르셔야 합니다.  만약 처방 없이 잘못된 용량을 복용하셨다면,  반드시 의료진에게 알려 정확한 진단과 치료를 받으셔야 합니다.

세티리진 대체 약물에 대한 질문을 주셨지만, **현재 가장 중요한 것은 과다 복용에 대한 조치입니다.**  의사나 약사와 상담 후, 현재 상태에 맞는 적절한 약물을 처방받으셔야 합니다.  알레르기 증상 완화를 위해 다른 항히스타민제를 사용할 수 있지만,  **전문가의 상담 없이 임의로 약물을 변경하거나 복용하는 것은 위험합니다.**

다음은 일반적인 항히스타민제의 종류이지만, 이 정보는 의사의 진료를 대체할 수 없습니다.

* **2세대 항히스타민제:** 로라타딘, 펙소페나딘, 데스로라타딘 등이 있으며, 세티리진과 비교하여 졸음과 같은 부작용이 적은 편입니다.
* **1세대 항히스타민제:**  클로르페니라민, 디펜히드라민 등이 있으며, 졸음, 입 마름 등의 부작용이 발생할 수 있습니다.

다시 한번 강조하지만, **반드시 의료 전문가와 상담 후 적절한 약물을 처방받으세요.**  건강이 최우선입니다.
"
"나 정확한 주수는 모르겠지만 임신 상태야인데, 도큐세이트+비사코딜 200mg짜리를 한 번만 먹었어 먹었어. 태아한테 영향이 있을까?","드럭인포맘입니다. 임신 중 약물 복용은 항상 주의가 필요하며, 특히 임신 초기에는 태아에게 미치는 영향에 대해 더욱 신중해야 합니다. 비사코딜과 도큐세이트는 변비 치료에 사용되는 약물이지만, 임신 중 복용의 안전성에 대해서는 의사의 판단이 필요합니다.

비록 한 번 복용하셨다고 하더라도, 태아에게 미치는 영향은 약물의 종류, 복용량, 임신 주수 등 여러 요소에 따라 달라질 수 있습니다.  따라서 가장 정확한 정보를 얻기 위해서는 **반드시 담당 산부인과 의사나 전문 약사와 상담하시는 것이 중요합니다.**  본인의 임신 주수와 건강 상태를 정확하게 알리고, 복용한 약에 대해 자세히 설명하여 전문가의 의견을 구하세요.

자가진단이나 인터넷 정보에 의존하지 마시고, 전문가의 상담을 통해 안전한 임신 기간을 보내시길 바랍니다.  드럭인포맘은 전문적인 의료 상담을 대체할 수 없으며, 단지 정보 제공을 위한 목적으로 운영됨을 알려드립니다.
"
"임신 아직 초기라 정확하지 않아 상태에서 발프로산 100mg짜리를 3일 동안 복용했어 먹었는데, 복용해도 괜찮을까?","임신 초기 발프로산 복용은 태아에게 심각한 선천적 결함을 유발할 위험이 있기 때문에 매우 우려스러운 상황입니다. 발프로산은 신경관 결손증, 심장 결함, 구순열/구개열, 발달 지연 등의 위험을 증가시키는 것으로 알려져 있습니다.  3일 동안 복용했다는 사실은 위험을 완전히 배제할 수는 없지만, 복용 기간이 짧았다는 것은 그나마 다행입니다.

**하지만 절대로 안심해서는 안 됩니다.**  가능한 한 빨리 다음 조치를 취해야 합니다:

1. **즉시 산부인과 전문의와 상담하세요.**  임신 사실을 알게 된 시점, 마지막 생리 시작일, 복용한 발프로산의 용량과 기간 등을 정확하게 알려주세요. 의사는 태아에게 미칠 수 있는 위험을 평가하고 적절한 조치를 취할 것입니다.  초음파 검사 등 추가적인 검사가 필요할 수 있습니다.

2. **발프로산 복용을 중단하세요.** 의사의 지시 없이는 다시 복용하지 마세요.  의사가 다른 안전한 약물로 변경해 줄 수 있습니다.  발프로산 복용을 임의로 중단하는 것이 위험할 수 있는 특정 질환(예: 간질)이 있는 경우, 의사와 반드시 상의해야 합니다.

3. **엽산 섭취를 시작하거나 늘리세요.** 엽산은 신경관 결손증의 위험을 줄이는 데 도움이 될 수 있습니다.  의사와 상의하여 적절한 용량을 처방받으세요.

4. **임신 초기 검사를 받으세요.**  태아의 건강 상태를 확인하기 위해 정기적인 산전 검진을 받는 것이 중요합니다.

**드럭인포맘은 의학적 조언을 제공할 수 없습니다.**  제공된 정보는 참고용일 뿐이며, 전문 의료진의 진단 및 치료를 대신할 수 없습니다.  반드시 산부인과 전문의와 상담하여 정확한 진단과 치료를 받으세요.  태아의 건강을 위해 빠르고 적극적인 조치가 중요합니다.
"
"나 말기인데, 이부프로펜 100mg짜리를 1알 먹었어. 내가 먹어도 안전한지 알려줘.",말기 신부전 환자이므로 이부프로펜 100mg 1정을 복용한 후 안전성을 평가할 수 없습니다. 이 약물은 신장에 스트레스를 줄 수 있으므로 의사와 상의하지 않고 말기 신부전 환자는 복용해서는 안 됩니다. 말기 신부전이 있고 의사의 지시 없이 이부프로펜을 복용한 경우 즉시 의사나 다른 의료 전문가에게 연락하여 안전성을 평가하십시오. 그들은 귀하의 구체적인 상황에 대한 추가 정보와 지침을 제공할 수 있습니다.
"나 말기인데, 이부프로펜 500mg짜리를 1알 먹었어. 내가 먹어도 안전한지 알려줘.","죄송하지만 의료 전문가는 아니고 의학적 조언을 제공할 수 없습니다. 의료 질문이 있으면 의사 또는 자격을 갖춘 의료 전문가와 상담해야 합니다.

이부프로펜 500mg을 1정 복용했고 투석을 받고 있는 말기 신부전 환자라면 즉시 의사나 다른 의료 전문가와 상담해야 합니다. 그들은 귀하의 특정 상황을 고려하여 개인화된 조언을 제공할 수 있습니다."
"임신 초기 상태에서 아스피린 500mg짜리를 반 알 먹었는데, 혹시 대체할 수 있는 약이 있을까?","임신 초기 아스피린 복용과 관련하여 걱정되시는 마음 충분히 이해합니다. 특히 고용량 아스피린(500mg)의 절반이라도 임신 초기에는 주의가 필요합니다.  하지만 온라인 상으로는 의학적인 조언을 드릴 수 없다는 점을 명확히 말씀드려야 합니다. **반드시 산부인과 전문의와 상담하셔서 정확한 진단 및 적절한 조치를 받으시는 것이 가장 중요합니다.**

다음은 산부인과 전문의와 상담 시 도움이 될 수 있는 정보입니다.

* **아스피린 복용 이유:** 어떤 이유로 아스피린을 복용하셨는지 의사에게 정확하게 알려주세요. (예: 두통, 발열, 염증 등)
* **복용 시기:** 아스피린을 복용한 정확한 시기와 임신 주수를 알려주세요.
* **임신 관련 정보:** 임신 관련 질환, 복용 중인 다른 약물, 알레르기 등의 정보를 의사에게 알려주세요.

**일반적으로 임신 초기에는 아스피린 복용을 권장하지 않습니다.** 특히 고용량 아스피린은 태아 기형 발생 위험을 증가시킬 수 있다는 연구 결과가 있습니다.  의사는 임신 초기의 증상 완화를 위해 아스피린 대신 아세트아미노펜(타이레놀)과 같은 다른 약물을 권장할 수 있습니다. 하지만 **어떤 약물이든 의사와 상담 없이 임의로 복용해서는 안 됩니다.**

**즉시 산부인과 전문의와 상담하여 아스피린 복용에 대한 적절한 조치를 받으시고, 앞으로의 약물 복용에 대한 안내를 받으시기 바랍니다.**  본 답변은 의학적 조언을 대체할 수 없으며, 단지 정보 제공의 목적으로만 작성되었습니다.
"
"나 9개월차인데인데, 세티리진 200mg짜리를 2알 먹었어. 내가 먹어도 안전한지 알려줘.","드럭인포맘입니다. 9개월 된 아기가 세티리진 200mg을 2알이나 먹었다니 매우 위험한 상황입니다. **즉시 가까운 응급실로 가거나 119에 전화하여 도움을 요청하십시오.**

세티리진은 항히스타민제로, 알레르기 증상 완화에 사용되지만, 9개월 아기에게 200mg 2알은 극도로 과다 복용입니다. 심각한 부작용을 초래할 수 있으며, 생명이 위험할 수도 있습니다.  

**절대** 구토를 유도하려 하지 마시고, 최대한 빨리 의료진의 도움을 받는 것이 중요합니다. 아기가 먹은 약의 종류와 양, 그리고 아기의 현재 상태를 정확하게 의료진에게 알려주세요.  지체하지 마시고 즉시 병원으로 가거나 119에 연락하십시오.
"
"임신 중기 상태에서 발프로산 100mg짜리를 반 알 먹었는데, 의사한테 상담을 받아야 할까?","네, 반드시 의사와 상담하셔야 합니다. 발프로산은 임신 중 태아에게 심각한 선천적 결손을 유발할 수 있는 약물입니다. 특히 신경관 결손, 심장 결손, 구개열/입술열, 발달 지연 등의 위험이 높아집니다.

100mg의 반, 즉 50mg을 복용하셨더라도 태아에게 미치는 영향을 완전히 배제할 수 없기 때문에 의사와 상담하여 위험성 평가 및 필요한 검사 등 적절한 조치를 받으시는 것이 매우 중요합니다.  복용 시기와 임신 주수에 따라 태아에게 미치는 영향이 다를 수 있으므로, 가능한 한 빨리 담당 산부인과 전문의와 상의하시기 바랍니다.  지금까지 복용해온 발프로산 복용 이력과 현재 임신 상태에 대해 자세히 알려주시는 것이 중요합니다.

**절대로 임의로 약물 복용을 중단하거나 변경하지 마십시오.** 의사의 지시 없이 약물 복용을 변경하는 것은 오히려 더 위험할 수 있습니다.

**다음 정보를 의사에게 알려주세요:**

* 임신 주수
* 복용한 발프로산의 용량 (100mg의 반 알, 50mg)
* 발프로산 복용 이유
* 복용하고 있는 다른 약물 (있을 경우)

**즉시 의사와 상담하여 태아의 건강 상태를 확인하고 적절한 조치를 받으시기를 강력히 권고합니다.**
"
